x1,x2,x3,x4,x5,y
0.30471707975443135,-0.059282646025932216,-0.4519509798535085,0.6718852943525374,-0.4985734003646733,4.435633814740753
-1.0399841062404955,-0.7292869363736615,-0.6658777111204364,-2.045583603225102,-1.3504037273827887,-1.683280159824562
0.7504511958064572,-0.4144730658358585,0.43400982345010697,1.599208765181694,0.03320282044109216,8.900664565233836
0.9405647163912139,0.6339103777337424,0.25185441529500513,1.8037377911454322,0.9977063763494688,10.25741959357615
-1.9510351886538364,0.002993291199955732,-1.4047915476103274,-3.9153383827233856,-1.3303088837868509,-7.349920241007548
-1.302179506862318,0.34020997686833787,1.1226782545637386,-2.6274850829217775,1.4475118431962257,2.0876903541841223
0.12784040316728537,0.6700792422021898,-0.09419457535083331,0.15699667251414068,0.5599832951610031,3.449009793410945
-0.3162425923435822,-0.3748414628976096,-1.1109310952157205,-0.5794688244481797,-1.4622877221390624,0.3449331026444314
-0.016801157504288795,0.7562481636298061,1.188784114353874,-0.04712214279874551,1.9031313189623957,8.187691509489216
-0.85304392757358,0.37884260345839443,0.625675571596154,-1.669106294897832,1.0628325903811728,4.2148495561704555
0.8793979748628286,-1.2348130869114786,-1.2645419919479142,1.8767845464421378,-2.4812750527672134,4.967780856285401
0.7777919354289483,1.4423047911862443,1.7771828402577243,1.5379216862665162,3.232310576986895,13.077169644002431
0.06603069756121605,-0.5007447437569161,0.6587973683661927,0.11100374598957433,0.19240030799781743,6.216542867161007
1.1272412069680329,-1.6550953431851838,-0.010196115625046132,2.2604156224222653,-1.5791499646417768,11.32295969815977
0.4675093422520456,-1.0450437095863023,1.5902188056217794,0.9843810521532617,0.5537228636448523,12.829150690690206
-0.8592924628832382,-1.021045160678322,0.15929778382964058,-1.746920577031984,-0.8673993953922506,1.6756598724776255
0.36875078408249884,0.05217331865753347,-0.02808307510403198,0.7059534883083911,0.09952622471963042,5.577869843223574
-0.9588826008289989,-0.2738505055462372,-0.660300116021989,-1.8649057381459295,-0.8857731007686694,-1.5338368849450887
0.8784503013072725,-0.33683196764059287,0.5818504393070786,1.775832568806447,0.2289694796472996,9.337073405748134
-0.049925910986252896,0.6197019654824789,0.4766029673239799,-0.20208823512274682,1.0965642552394097,7.301219354070289
-0.18486236354526056,0.3398753611927038,0.014680139889711287,-0.4309943170639765,0.364324546879355,3.5240831784337785
-0.6809295444039414,0.31604787064428624,-0.789986353867603,-1.2867972956165223,-0.45584783599306755,0.6785763631200699
1.2225413386740303,0.40982845732869266,0.12992985416607386,2.465179091502001,0.4719283189478108,9.818679146490428
-0.15452948206880215,0.6161346680022383,-0.06979878576213788,-0.3471687606894668,0.46921165185002234,2.9209327788839063
-0.4283278221631072,-2.107953341777443,-1.333474318734201,-0.8651761271879636,-3.485797161611767,-1.8997722358670541
-0.3521335504882296,-0.3644382522644612,-1.4718123513241856,-0.7036052673363756,-1.884487525739214,-4.280187136570078
0.5323091855533487,-2.180210064489474,0.5651533788097695,1.1014050391207055,-1.6472478863783298,8.940515923983336
0.36544406436407834,0.03605992679779541,-2.601888315051689,0.6629749589852172,-2.5340928561493934,-2.785437557017226
0.4127326115959884,-0.00463297222434532,0.20541052696125997,0.7834177662584538,0.1923310969206777,8.156693393197095
0.43082100300788273,1.0455322747896802,-0.4780830577538245,0.8752897937589349,0.5772689472863652,3.190151736282369
2.1416476008704612,1.1876343927211208,1.3082466068799101,4.27830347271615,2.434665829098918,19.182393682908465
-0.4064150163846156,0.20277504825236733,-0.49346820915387574,-0.7842370736373957,-0.3137752710475557,2.435932756694452
-0.5122427290715373,-0.5003610773968998,0.659484214251896,-1.0859608280110546,0.18848601994223815,6.539255478534643
-0.8137727282478777,0.48516111254573785,-0.3969138412377916,-1.6096890226821894,0.11799489421678633,0.37141272939654413
0.6159794225754956,-0.5279176373243135,0.11374815348614345,1.286538026119865,-0.4503981752475655,8.830765269271886
1.1289722927208916,-0.001392651443348899,0.7368365309200512,2.2822855127992474,0.74352699879568,10.65190969651353
-0.11394745765487507,0.9861363169607678,-0.46255571632458015,-0.22093932832167054,0.6335229933103043,3.8616753062912754
-0.840156476962528,-0.5577713459894236,0.996554884498404,-1.6851071340533545,0.4379036420461985,4.351996542804644
-0.8244812156912396,0.8056786392425009,-0.9936978771064832,-1.6907049890210541,-0.2226785851711045,-3.517459238494118
0.6505927878247011,0.6774013686923024,0.2945928425583791,1.2975856460274127,0.9633060917825734,7.4901293783415595
0.7432541712034423,-0.9547918171308215,0.9226397227878528,1.5494936350509048,-0.027543238966627075,11.248497210275218
0.543154268305195,0.973894128217401,0.6600374917903349,1.0803571112803836,1.6263732009732084,8.640356535535291
-0.6655097072886943,0.6985663453715051,1.9164448767354103,-1.375509614044809,2.6134434870730905,9.3962112013136
0.23216132306671977,0.10192588737265744,-0.7634393173106605,0.43971029169517023,-0.7336857697848451,1.2917192697627315
0.11668580914072822,-0.7623234580276522,-1.379149251348588,0.24341413314525295,-2.1896042331305376,-1.5786184768497034
0.21868859672901295,-0.85920601857557,-0.9943351084951194,0.41870149359898357,-1.8610078889242643,3.7426975676900387
0.8714287779481898,-0.5376625769030224,0.660442566548437,1.7671227200495367,0.11451659114429276,11.696670009188058
0.22359554877468227,0.54259446329196,0.4979229342693786,0.47333328558681603,1.0122079338183387,6.544267795660472
0.6789135630718949,-0.9556251674013979,0.10225665964741577,1.4022762851640223,-0.862219187057804,8.075076138485468
0.06757906948889146,0.4375122486198699,-1.12295704910713,0.20633611259103457,-0.6823940577165497,2.4011641386299813
0.28911939868998415,-1.2417555288783926,0.7668672933290608,0.6280317335985863,-0.4304175627231055,9.373551543464016
0.6312882258385404,-0.20406858443884895,-1.2247047776505404,1.2158644984696827,-1.433733948850692,3.353632127634444
-1.4571558198556664,0.10964775457400863,1.1589495823768998,-2.9594883620401466,1.288552497215821,4.340176299574498
-0.31967121635730134,2.4451301450589167,2.857438423139865,-0.6431310065375939,5.275488553127086,12.935582823304214
-0.4703726542927955,-1.3773156555203674,0.3664511465715505,-0.9633040764475618,-0.9822597227688927,4.478197032922736
-0.6388778482433419,1.4720145664901334,0.5831081356577431,-1.334672032834731,2.0739092170284943,4.476633305123554
-0.27514225122668373,0.14984241398728004,-0.4928597688955594,-0.5723690921620171,-0.29972650474928836,1.9771991617514215
1.4949413112343959,0.41117191801596314,-1.8102133210868163,2.9661569757878397,-1.3633683799486287,4.3136963326169475
-0.8658311156932432,0.11834791338820451,-0.6027193630302223,-1.7652546183745468,-0.45493466849796055,-0.4578966267561758
0.9682783545914808,0.444726818195233,-1.0928952410987494,1.9207672348752114,-0.6530892933364053,5.064651092486175
-1.6828697716158048,-0.15368510436201774,-1.4470045764150157,-3.306817000715693,-1.58844271942481,-7.790467552487895
-0.33488502998577485,1.4540501814574582,1.7223599419956492,-0.6598081579090878,3.2295855698756837,10.601847430818504
0.1627530651050056,-0.4564711442247224,0.272862518025773,0.4490965840127846,-0.21621235466908914,5.626233635705077
0.5862223313592781,1.1322345721792477,0.37968758061398367,1.1809700720195389,1.4805017638583882,8.396984339819687
0.711226579792855,-0.6443671202130229,-0.30902236519624954,1.4079498708888474,-0.9443179155117543,6.4789390637111
0.7933472351999252,-0.06025184640128695,-0.17287108244343635,1.5869011145325937,-0.21235894433145064,7.968075055999806
-0.3487250722484376,-1.0719625522902192,0.9645506822393334,-0.6846255455746981,-0.14861719501408605,4.785924808161273
-0.46235179266456716,0.4550237203475199,-0.03233711869521544,-0.9029408874705811,0.41894847348163905,3.9317278214258815
0.8579758812571538,1.4451259569265338,0.5306939380247327,1.8197873288072588,1.9711199562398272,9.654859866226612
-0.1913043248816149,-0.07735617982085408,-0.19600429784501586,-0.42487467301210824,-0.38412448344604344,4.526069929608253
-1.2756863233379219,-0.19688569870390954,-0.3421528907320472,-2.5084203437669568,-0.5500182888988947,-1.77892858290144
-1.1332872140034806,-1.1146169630679268,-1.406914165601862,-2.256186898126255,-2.5293970203122123,-4.516730039698944
-0.9194522860016113,-0.2292926535523081,-1.977749062367128,-1.9174594591317535,-2.215056363060587,-3.7414515600695366
0.49716074405376404,-1.5927942597215277,-0.2615619010664018,1.0328564272122662,-1.783560447059066,5.956697010699077
0.14242573607056525,-0.9128779867188273,0.05649669199323269,0.34823265018132576,-0.9171712096510383,6.916402010101245
0.6904853540677682,0.22678604610913541,-1.286130036708791,1.338111887946665,-1.1005751191598863,3.1956397061399677
-0.42725264633653426,1.3190131977413961,-0.03447486503463288,-0.8549519860676671,1.1539285427907966,3.3243032907969052
0.15853969107671423,2.809210861229503,0.053752562990502024,0.2308116690530433,2.838917590911298,5.801025801017382
0.6255903939673367,-0.5865850850709007,-2.156008006059379,1.1882404649504565,-2.7623752688365797,0.7331506640569359
-0.3093465397202384,1.43530015664544,-0.9151246594795012,-0.5662916005596141,0.494676638349226,-0.15065105810525314
0.45677523755741145,0.2437524804016479,0.4072638937354685,0.8902296498144512,0.7064002411113044,7.3675833765827905
-0.6619259410666513,-0.15124764674637586,0.3870587293957439,-1.3792920308802046,0.2788419587662162,3.1267672761017224
-0.3630538465650718,0.4325944517261522,-1.1536749163997606,-0.7146346749072221,-0.7171876284602432,-0.3768450357971672
-0.3817378939983291,0.06191648367995918,0.15844805049973495,-0.7895964095682093,0.20183388150270104,3.7566761990656645
-1.1958396455890397,0.11039572561221853,1.0224072253604721,-2.4152203740668563,1.1841124343780338,4.596190008242968
0.4869724807855818,-0.4083331628266692,0.7770729589908982,1.0109112628549088,0.36775190317243645,10.988884344090279
-0.46940234020272387,-1.3981096597988507,-0.09528578701393456,-0.9968913483521651,-1.534308948758708,1.7021817095401206
0.01249411872768743,-1.5436252025220816,-0.4679763133242924,-0.020280023178716758,-2.0974139497206012,2.483851588596294
0.48074665890590895,0.653244883281227,-0.6293444843345044,0.9691973174192613,0.0018346742519384437,3.24376207255417
0.4465311760299441,-0.2767000900857134,0.4678197829096571,0.9415328415972984,0.22885187368257415,10.553566541548648
0.6653851089727862,-0.5960888996561666,0.19510397314288802,1.3926782330200649,-0.28715799203612413,8.907681717504635
-0.09848548450942361,0.008505626723153567,0.6294040061022004,-0.2302240550369284,0.6409901501348277,7.278308894981492
-0.42329831204415375,0.7949322529156275,0.13187381312115198,-0.7997277757423251,0.8885382902807643,2.3750555853773294
-0.07971821090639905,0.1803639430263982,0.8187639503474419,-0.19864353648631855,0.9398796329596294,7.407530915418394
-1.6873344339580298,-0.6560549366409674,0.09459253295770016,-3.2833584005707195,-0.5338646588679872,-0.8081651627638522
-1.4471124724230873,1.2262929556489497,0.7846887161316864,-2.950913496117161,1.9227508691614228,1.500397045360208
-1.3226996123544024,1.579185502981632,0.8708227703666389,-2.578975284169218,2.477525528418515,3.9210333521023024
-0.9972468276014818,0.4945566553228533,-0.8045266302248135,-2.0273179605438996,-0.2690843945888146,0.5723596174058785
0.3997742267234366,0.9736635113440901,-1.808144046870746,0.9002107761866032,-0.8126665628650126,-0.5825109775546644
-0.9054790553600608,1.241959996813811,1.5434928560145533,-1.7813920742774974,2.7744697692314366,5.751038379661453
-0.3781625540393897,1.1300993164045137,0.2566587307122617,-0.8071259345491905,1.415005079794116,3.5389929279262566
1.2992282977860654,0.6140991771126236,-1.7144858954961215,2.5723446715950056,-1.0918397998270828,5.806449592048595
-0.35626397106142593,0.5983470470748828,-0.7138194972187111,-0.6734688818616648,-0.15437864223685782,2.0606483384630265
0.7375155684670865,0.5196605733465026,0.7718742923698284,1.5276633578149512,1.3840554818350823,10.727451822046989
-0.933617680009877,-1.0973376745470436,-0.279676831132893,-1.8707711396059772,-1.3945984746604623,0.2862842076420779
-0.20543755786763002,0.7007231568595857,-0.5120614193191271,-0.4086422016870867,0.22744935256295415,1.6481828617848917
-0.9500220549105812,-1.355813971126554,1.4008818603129667,-1.8621264581889592,-0.07586282494837304,6.7701228467427725
-0.3390330759005625,-0.7945994551250549,-1.0472871463838105,-0.6714762304505839,-1.778063057369819,-0.27059709110077673
0.8403081374573955,1.3035650678080875,-0.7981533577548339,1.6159410319478722,0.5788498972859827,5.422158011214663
-1.7273204231923487,0.8402201626941975,0.21138647504826755,-3.4952895476167063,1.053098327098797,-0.5779802304745422
0.43442364354585733,1.4873982896858626,0.39045493205388226,0.8806032842492979,1.9057917734766328,7.978047000341363
0.2377356023322779,-0.27167438368729224,0.4963430343407315,0.5362453254894405,0.2525944097338174,7.539415614597024
-0.5941499556967944,-1.1522488412767675,0.9112380445689469,-1.1075007901854863,-0.2731499751898569,5.79942974237319
-1.4460578543884546,-0.24043719707034283,0.19857862068151685,-2.8531392377383367,-0.014502461116858965,0.7803496346877875
0.07212950771386951,0.1020312972405742,0.48938393893840915,0.15862355347955723,0.5509837126853556,8.574174114662398
-0.5294927090638024,0.07898871634000969,-0.2592092593150832,-1.021544723828481,-0.2106583891573398,2.51812764317311
0.23267621135470395,1.1336804787567016,0.06269830323671424,0.43201488019906514,1.2527259391540309,7.049488673437641
0.02185214552344288,-0.36127042500344553,0.10753418005363442,0.03604274303397505,-0.205003360414801,5.357559145243933
1.6017788913209154,0.35203447180292424,0.21509813581903608,3.162351246574857,0.5318138325161706,11.360920359236506
-0.23935562747302427,-0.9886271494346061,0.7725398075827608,-0.5411483854814341,-0.25276615902689736,7.295876849264884
-1.023497492621865,0.450317278043813,0.555145681944831,-2.0303175346619198,0.9731831298657604,2.964039805965158
0.17927563495631615,0.003108550185636745,0.0442170029001831,0.3678269352418695,0.08395753140909439,4.527135190537323
0.21999668397176517,-0.7498133382845175,-0.8091259849410398,0.47437599216898096,-1.6089385622660772,2.6371689991995084
1.3591875752404365,-0.2358293621748528,0.06767125806270954,2.7456807420254954,-0.15032247216034564,10.640026740375582
0.8351112459145785,-0.18417574651522164,-0.028017784895743934,1.6823547053953503,-0.17485119087925086,7.812675657341258
0.35687105914950934,-0.2701551293370962,0.19318157981319836,0.7415729515828964,-0.08138582203855282,8.590446232098989
1.4633028912195618,1.7713412422676835,2.206525307140402,2.92447162762775,4.028369734251332,19.15582846905268
-1.188763054322851,-0.09844600230787963,-0.5237727785412354,-2.356881538884582,-0.6374342893236046,-0.2351907563654989
-0.6397515327497477,-0.24389611017733773,0.42228901912535954,-1.3158102856338134,0.16770012889832608,4.142891527425377
-0.9265759414055249,-2.0974509576101417,1.0684620672442982,-1.8346665865290932,-1.0778512019224364,5.026219331185814
-0.38980980315576796,-0.8942073519794773,0.09800191409938289,-0.7461987220472355,-0.7453465704990841,2.96559784600869
-1.3766861475563088,-0.26307342445635284,2.337845119172165,-2.786856366516228,2.0364456723668685,7.594248779674216
0.6351509468144043,-0.6858526761766428,-0.3780392917314767,1.272893498578451,-1.0464033770223666,6.266793176119216
-0.22222269709877338,1.381707593377797,0.32408922232004705,-0.47562551967901473,1.7022310123415474,3.855585936237511
-1.4708062945026579,-0.16493777539621862,-0.798805744892982,-2.9679379238311214,-1.0163826734447838,-4.337013728630533
-1.0155790812075416,1.2884442493182524,-0.35152473514329313,-2.087404630170191,0.9064643569837934,-0.7049690446079404
0.3135138474501953,0.061704634050368024,0.2489339103966579,0.6903164411587184,0.37978215639906265,7.708735217278043
0.8381265678943811,0.037227836421576635,0.8463040623077297,1.7295373945247645,0.8936147758610304,11.822728485271734
1.9967308916917865,-0.08879644771250095,0.3190948340235742,4.02033347609494,0.17984086924273116,13.43495781610345
2.9138624660073296,0.0037962516214591325,1.259114849334736,5.92633472961185,1.2781775153236297,21.611059166776244
0.4144094332759964,1.7187950030498593,-0.09496531059267174,0.8193565817235732,1.6165239908774602,6.123837671107453
-0.9895381200318641,-2.3196107267512183,-0.33216852983900536,-1.8274881193081964,-2.4790769364780143,-2.5691636588167475
-2.132046280731309,-2.001545744438679,2.7039851072793866,-4.275469032230779,0.7166955549078213,5.47388486935122
0.2677114623438358,-0.5431708310561139,0.39423764944203077,0.5481825922754724,-0.1679644239674013,8.497983611652094
-0.812941095310326,0.014527881937568883,-0.7194815459785476,-1.6457710863176624,-0.6339522681516235,-2.3196972048636946
-0.41535726017968533,0.6901044247640123,-0.6942637622480688,-0.8120982423563554,-0.09621114584869878,0.8465435141007804
-0.6120967990598081,0.4730871980274752,-0.9426799145313405,-1.1824128517253039,-0.46487670868481046,0.8678167059216297
-0.14079088641638526,-0.3842459128805702,0.9365693558567879,-0.2872775924854247,0.6520448677102714,7.150811186464517
1.0659802307876436,1.0190436932417624,-0.36437729289324183,2.220796453931168,0.6488564361305328,8.023547546193878
0.15704856744534462,1.030195403152731,0.12736247565648562,0.3260545991223623,1.0708928265768127,4.602595305002185
-0.1586348370386883,0.18405783127156553,-0.06350867443826871,-0.3037454047718666,0.10075325861276692,5.737581771186573
-1.0356537528258116,0.9626575724868413,0.7314924079409346,-2.116757390377309,1.7668758824757276,3.457002651226471
-1.674682944704357,0.2726452634321288,-0.8467440928840201,-3.328440935681195,-0.5552953496358527,-4.5676398246216445
-0.4863079090733309,-0.5614830267828836,-1.0755722861430155,-0.97931717918713,-1.678998118401525,0.557329536240259
-0.05378255081832049,0.6978168390000047,0.22429730718159427,-0.13797708810350534,0.8878520058226478,6.147658492556445
1.767929913579883,0.11061312257867771,0.600959284699897,3.497036106752348,0.6835873937210841,13.224066530953742
0.13027452147288585,0.001339846754486929,0.33253231309764075,0.39413721193360596,0.3519320540548275,6.140597130545287
0.9827395110230576,1.4729535721895743,-0.8094537290973276,1.9523051595371634,0.7304096497391794,6.720033978814271
-0.49929559853915206,-2.4508721285400865,0.6774848420913938,-1.0714404681173675,-1.7207661358087343,4.818711163860716
-1.1849437664170246,-1.4176841701595697,-0.7438609270956342,-2.4047986058206776,-2.1387444881497477,-4.432385940905747
-0.9651167622323719,-1.18707042637437,-0.5215386447863833,-1.9328119164385544,-1.7751913091636276,-0.8735467763135608
-0.7252260645357532,-0.3632606475688056,-0.9439535247220022,-1.4231187774406822,-1.37361079799048,-2.8040808313787617
2.1284697324351645,-0.2546081697660301,1.3011583486520308,4.2846792909565945,1.0732127799466888,19.751410018751002
-0.8213866792243861,-1.5073256477730475,0.6334215410273492,-1.608942630859946,-0.9411776616423431,3.9905845684624532
0.838489203736345,-0.9851580323108263,0.6049933756788733,1.6447353921408234,-0.3914430076853832,9.527580363305068
-0.9029271780870264,-0.8608416785235702,1.2472114211424503,-1.7888323339989756,0.40157726492818896,5.093824902694173
0.9315730128742441,2.457424092075892,2.8126492482387233,1.8193430525429592,5.213193640546481,16.545505946319555
0.38495096610586316,1.8017419477471466,-1.7092261039101555,0.7389197830610257,0.041302727119047894,-0.659866694053832
-0.1566378976580904,-0.4117494176846493,-0.7383765808771081,-0.3591612440411938,-1.1548320517901483,2.7730987480191707
-0.040762526135434025,-0.3635832903067989,-0.6161750841745238,-0.14094449500078154,-0.9545758601051201,4.932778553727271
-0.6547876954293904,-1.1492039971882941,-0.8508196223826928,-1.2563649164158803,-1.9469476810502993,0.26213416740479745
0.44607220148208054,-1.9081304132252668,-1.0775832476037126,0.9265749880131054,-2.955360989090452,2.998625536695825
-0.45498348034078,-0.11688018640852403,-0.2996530640553656,-0.8611336921826536,-0.41285042071427996,1.7311032725378561
-1.2256057637672482,-0.9978519832440257,-1.216603715289405,-2.4492458742332817,-2.2517654362112833,-5.190668520863371
-1.2779375743196193,-0.08485053166200977,0.3350423675374132,-2.5170347636959813,0.19664648608317742,3.0329933813293857
0.17258791772211948,-1.6002058490434774,0.051698321428614635,0.2571113652121117,-1.5740513820313202,5.587427150075276
1.579091256410435,-0.7619744583102578,0.4810286647636553,3.2013368887231377,-0.2604490142975741,15.178165928826228
0.15999161357343825,0.14862709530283086,0.5077284516382525,0.328839218647128,0.6731867322724505,8.848625911050558
-0.11863832610988256,0.3662095977839374,0.6030068534266765,-0.20592117221230685,0.8642213519243577,4.70086179263878
0.2858261396025429,0.41747195874201454,-0.3734089368238823,0.5906534441575164,0.004779170504757069,4.101353763416757
1.3060017417068248,-1.3204889841570373,2.1211434026336673,2.5626507256868054,0.8608797960569378,17.074738128168505
0.21938250136385634,0.8546857301355617,0.23443111648209775,0.36386301395816034,1.0930775990078665,6.588663059432666
-0.41092723083373717,-0.8002116966018503,-1.862484752624795,-0.8574571699766225,-2.7335468948817945,-3.382222056100358
1.1062887100598888,0.6328579146073064,-1.0023757457662175,2.2408232841834232,-0.25172677207900346,9.162783875647575
0.4287564384616135,-0.010638676618193147,-1.7405029890278156,0.8920174476819968,-1.7525887522617472,-0.4396044700777517
1.535755991995992,-1.3763874990779479,0.01733462915130733,3.0031148701228907,-1.3398361719609702,11.436899944674728
0.18323443722190613,-0.31619770458118795,-0.12180522405333363,0.31741390607040154,-0.4180266908322649,5.938552198586568
-1.2244690317205003,0.3653637420637676,-0.4684256978994578,-2.4850998477380424,-0.12144172914369952,-1.593778512763839
-1.368159199245665,0.612965380474599,2.010926112400514,-2.754183651504671,2.5875128087840435,6.5940951795116876
1.6509279322312496,-0.14098789744441861,0.5489828740769108,3.2337533229198665,0.5140787258857892,12.658459121622876
1.723665720783297,1.5317788906010528,0.7260983614463344,3.3762288532595877,2.3080375455282747,14.607262635606311
-0.17951921328260065,1.007510770986559,-0.9310734879421032,-0.400130191385579,0.11753414309988958,1.5962127729472868
-0.38318732113598775,-0.25665411639975283,-0.9991448913310123,-0.7620619504607252,-1.2269845481448545,0.35762944514608097
1.4614442922422022,0.7501218121369445,0.03680549909695475,2.86385886749673,0.736761441715815,11.414950722190236
-1.107045682043488,1.9337934851881868,0.17300713965222583,-2.2198815395855642,2.170677134427426,2.714808092669803
-0.8947270189558264,1.960484600783027,-1.856311567114457,-1.7365263971045621,0.06201640076798254,-4.196881464207194
0.6433267946890444,-1.2279998808224974,-0.18030702284953407,1.2215646025074134,-1.3941425637644993,7.009311398659972
-0.3946051228595896,-0.9265331111571506,0.014072082873504806,-0.7995325336397061,-0.9944305235568742,2.12997331222891
-0.005121866720071296,1.484918786733851,-0.21514916577112894,0.04099410324739604,1.1677266784303462,3.448018211488662
-0.16344289852451258,-1.0582810508376372,-0.8133904123466764,-0.34779921656721563,-1.8557569030516579,1.3011032212773834
0.33757454879893356,-1.322541133291679,-0.53953518192114,0.6464656130549462,-1.9025312785725643,4.61901922082224
1.4074818613137168,-0.4861941306990469,-0.17685919357279603,2.873138513342757,-0.7625117028367066,9.36275814447862
0.09058490690174555,0.42022670947458574,0.09080002361004777,0.1658597098549137,0.5380572082319873,4.7908124093782165
0.6439387932768579,-0.10239670661109637,0.604791582550568,1.3431023378139941,0.6083989144920111,8.7439474756493
-2.0501721010310225,-0.6505636204055921,1.0808562049508712,-4.078895932505685,0.49977059747428215,-0.9191892852153858
-0.04871840193011795,-0.674212461724509,-0.2943477235272498,-0.11457903650572773,-0.9814260795150425,3.5056557513102717
-0.8432302702928711,-0.7123370644127087,-0.45615619611535785,-1.6624760140558656,-1.1680509951932192,-1.426256415710909
-1.218813060423628,-0.8795096286589426,0.43765567353430623,-2.421603645154954,-0.39746864228544065,0.7527987950427097
-0.8781523669287508,2.2816328772760617,0.6108449164108543,-1.7052605928073779,2.948584194678661,3.3691807393872364
-0.33412344070081207,0.2975110711855549,-0.4342004332588856,-0.695664158294875,-0.1538661480146156,0.7598252010700228
0.9159025423560131,0.8867590544047386,0.7903934769661722,1.833865388051107,1.6788614171571394,11.814187450546351
-1.326392717739564,-0.4890774681189237,0.9795853411559731,-2.65586121945936,0.5055386133752762,3.8917244753796743
0.030631492594417446,-0.18595667718604886,1.291686465658673,0.09647039227082413,1.1334236044865658,9.166992915976506
-0.4841694333335785,-0.713553981370355,1.7783209067198225,-1.0195978263893657,1.058113103248904,8.811481008512832
-0.32767309436196085,-2.651708334919202,-0.8664161386594389,-0.604497336312029,-3.5241287358320776,1.20769680908227
1.0027578253046041,-1.3780092768478662,0.01389820933251119,2.028832089217729,-1.2951194510276356,8.495321388927225
0.5381154370039261,-1.8106186799803947,0.011277696618660139,1.0103846203262048,-1.7388649482395904,6.497228717987185
1.3373981074427437,-2.2497837779516074,-0.0980735685325076,2.7352093561595123,-2.3239868178123104,11.28078104607411
-0.15450567924990047,-1.1953589742981028,-0.6492629196101362,-0.19730670445991438,-1.7586664404070926,3.2215080370999445
-0.695942611670703,1.3249556793816308,-1.4855620032310715,-1.3417935248639357,-0.1799286119607615,-2.3952861826315495
-0.22385881688049952,-0.04443616770435442,0.0926794460290038,-0.3763683953996756,0.12939195075611842,5.552559379017207
0.2424967912712216,1.290563762321174,-0.7683556595479125,0.4892621516225726,0.549333874950039,1.359849460193449
0.17657335845371103,0.4109825769008753,0.085993480747625,0.27007147092049655,0.6605273637592297,7.646671152452635
-1.0843880722333665,0.7825588257151592,-0.7940435416988534,-2.260982167025109,-0.07110881232281804,-1.8899937722531461
0.09048978162787422,-0.9008969953045751,-1.0996583458443414,0.19373366544913637,-2.0350226037597836,2.4613788259369964
0.22822833013890514,0.5239509541926708,0.2342983603768977,0.42685771989131127,0.7791892059795958,7.14719967361793
2.5174740375339204,0.7287142340743459,0.15092152680649595,4.989219261151473,0.8994974635297914,15.66390531697829
1.8768446112816701,-0.5766472922336929,0.579281971320933,3.7505518883649063,0.10014162829599095,14.453001363706177
-0.8532433505588201,0.5595403706161663,2.1858637664176253,-1.6757074367245757,2.711985402868815,9.553246320979193
-0.2873833615491761,0.5661877585748329,0.2772895312108468,-0.6474046004364595,0.8887232157203739,4.563404917337042
-1.4634420018370031,-0.5495526211300829,0.4850817670641296,-2.9493278846880253,-0.006347703831853478,1.8169186374027433
-0.5907070139634865,-1.122768432270995,-1.0775613288673254,-1.1059204937709572,-2.165097369527288,-2.6125378011417126
0.3156050035903405,-1.1841283318982723,-1.2869074405363745,0.5774455881696122,-2.5190855895308624,1.0936862669918082
1.2058536208882336,0.08650554192146179,1.5828294467733337,2.4551953011347147,1.7397229289575054,17.570660705940792
-0.7290838377436085,0.3270098687893148,-0.9234797799333037,-1.4824042135646667,-0.5350036645782181,-1.6637808202205728
-0.6541464400677965,-0.7925258304579145,-1.043944071468642,-1.2810031921430955,-1.8064906759370378,-1.435470437499625
-2.147289029738655,0.02658534132609864,-0.03909892121655298,-4.239711684117166,-0.0022961955300066315,-4.5607153201616635
-0.16266592054490767,0.5705370361384854,-0.09019241337738836,-0.28826775274056426,0.4916500232633156,4.410651389064396
-1.062414411859563,0.6181907146653008,-0.9025065064432917,-2.0793708436084324,-0.2882525813899597,-3.129839899300559
-0.5294394273660737,1.5518801201224885,-0.3049732187131,-1.1164585314025453,1.2789461581220207,1.6645137653228703
-0.8768607781675882,1.2769808321980434,1.2293757176501043,-1.6980385709981116,2.5079132924953966,6.675193413103114
-0.09426255425255699,-1.001291432756544,-0.8059936088317976,-0.23115976423685497,-1.8497112903559738,0.9970389078625298
-1.7577283913566313,1.6835862095380225,-1.3936724843661716,-3.5024796944346854,0.23748414293047126,-6.218526761786377
-1.4670452453909906,-0.5309765045557148,0.9425936208997923,-2.92117818143212,0.3740153036614629,3.1843785364553687
2.129247112028298,1.0448728124544275,0.4922969119380367,4.282750352000075,1.5482763365199368,16.3293250228423
-1.287422581274031,0.06798662605108885,-0.6205186206486616,-2.5579973287450524,-0.5538797864193331,-2.1752361691904154
-1.0967855784546396,-0.4121493784569676,-1.582167016126918,-2.2357616558355153,-1.983549204919448,-1.6830286634202287
1.836913528321314,-1.8076968597749328,-0.7446233564385631,3.6063336860278423,-2.5272795595361903,10.812340690339587
2.905067169240407,-0.1715645102163482,-0.05470443684927131,5.853751772478902,-0.25763499336146345,16.712757396803358
-1.1715666288253417,-1.559383235305609,1.165672089883819,-2.3338415287747374,-0.32042813700452244,3.668873266482773
-0.36824895678803055,0.9672992358427723,-1.036581974869657,-0.6790290715281702,-0.08266828037925836,-0.19612852675086487
0.34155555094050954,1.516792657139248,-0.08451988151147344,0.6808744551716257,1.4106014263886992,7.452268573539068
1.7286976444055924,-0.7969109892966902,0.675144659894898,3.387137070777337,-0.09764701753516959,16.0004410175971
-0.9868570784282374,0.30197074251927114,-2.3812673401219207,-1.9254076728062697,-2.171122107721403,-5.963032681911846
-0.24527784594210975,-0.7253915220079754,1.0337861679388998,-0.5090742223672748,0.2688679234447784,8.33401980053351
0.777337576061744,-0.6284847301367896,-1.1824505722064373,1.5717753249945392,-1.7618816624086355,2.8217704615335815
0.43476607446661863,0.7744947038653713,0.3319954934569346,0.8371591775092613,1.0196191008692006,8.198281664173217
-0.37615607123009925,-0.03853826184341251,0.24668314961074406,-0.670097056948514,0.2640235976139893,3.2702293231133677
-0.13382296451604114,1.7396480419310116,1.084586391463845,-0.31147417024124213,2.899791261712813,6.902488854709866
-1.3748958083699818,-0.482232478702921,0.5509243808935403,-2.7666631044452723,0.05021913529943191,1.6224295065896737
-0.23817374397466523,0.9993363324744892,-2.377290491729981,-0.47097505281446467,-1.3633635208841763,-3.7181447553737796
-0.2663874900089551,0.09741341295778198,-0.7847792471559913,-0.5873840963722582,-0.631411479955658,2.1757039237069433
0.23216988962625595,0.7957780097442332,0.13820512935328008,0.48086575568189166,0.9106436796953373,6.871117821037936
-0.555327218819016,-0.4471576573299467,-0.19497988611978695,-1.0300589137646576,-0.5987487674234245,2.7549228230367353
0.471538522545139,-0.04955883755158271,0.47761072975677044,0.9185539370555925,0.39449445244865416,7.4937626258064665
1.0127158178198286,-0.11549887929893475,0.7893665556697054,2.0451887765912433,0.6499875617041116,11.67078787258109
0.15542932766846604,-0.8360571148457872,0.6084517364296791,0.1733868860350043,-0.26757220163235673,6.095512071459791
0.35175640839920347,0.6620815345817527,-0.21427494255446522,0.7015663567741649,0.4649389519870276,3.686985695163349
0.053155347577867364,0.6502490055783642,-1.8463370111204804,0.09065858085942446,-1.1381895529138386,-0.4009445906587372
8.439309141418043e-05,0.5935546949055667,-0.4554812488548173,-0.04075609393769089,0.12886779944489118,2.6141550743108617
-0.7215580335428474,1.5369656539176446,0.4163681481389552,-1.3890435436042683,1.8897713440609796,4.34346623220748
0.316494261673308,1.4493448012363035,-1.0904472525504776,0.6166763392654246,0.3047622075714851,3.441332466377322
-0.09728659841348947,-0.37494468984913537,0.6312747301215763,-0.2034470711816583,0.27606001134096797,6.2360208421080765
2.093168308930595,0.37305231843417824,0.9083932972673044,4.167476974121736,1.373651436371196,17.317342690182944
1.5733549024752425,-0.6236006892582127,0.12686697629584257,3.050869011362231,-0.47704746299665024,11.06774940146009
0.3858465525565008,0.023355316114555456,-3.063779866312396,0.7150937831091535,-3.059769377730403,-6.092711512561256
-0.7630572096947675,-0.5997494491188647,-1.2780883627118034,-1.4780597450835242,-1.8395286134881539,-2.3015829699898895
-1.112411471983418,1.620070309136051,1.8861891585560817,-2.3303204763108343,3.494284535912796,6.60444365756618
1.191142953088865,0.3636981503429628,-0.546537793028378,2.3439701386969447,-0.20175390355362552,7.354614120692193
0.2627492251471385,-0.21802912810442213,-1.984143223128996,0.5055124474797889,-2.250095306518181,0.9759998255058231
0.4801434033916108,1.193618571856377,1.2352473883102724,1.0474679001478,2.499288402378967,9.90251792102665
-1.7445859869741926,-2.1706154097954116,0.013355591543672855,-3.450741785673567,-2.2842202141265218,-1.7834339397346008
0.9274384815581808,-2.0141025948652898,1.1049404889577255,1.8270184367637066,-0.8692691458936008,11.64809505729161
0.45442033821436295,0.7958386552197739,0.2769586752193653,0.9740663612845034,1.0496100835492623,8.681536474040689
-1.110430684414478,0.06046844811736806,0.4585591362121688,-2.257887159854012,0.49851054775695625,2.402118506602055
-0.47152480744994896,0.25044630026076065,0.3630092477145166,-0.8925946247131976,0.6980713057811678,4.958236497086758
0.2637172043565196,-1.3263961033185487,0.697488311921,0.45949054641688836,-0.6646143460075513,7.445803251179238
0.05246679835624363,-0.023233710850366202,2.2774304485560983,0.15859648830194512,2.2201932800043114,12.374110380474884
-0.292171185803555,2.003509410401342,0.9710063359591881,-0.6046490538806593,2.9679960344145537,8.133895174960099
-0.10348826806596086,0.8241996197958629,-1.580339317845535,-0.2584017481789852,-0.7354473287590602,0.8413291695620388
-0.25197737820688537,0.1697065451428121,0.4466615152789034,-0.5148119370675864,0.594275271307072,5.986099439316613
0.15256251210246857,-0.43905391010493766,1.1414807681032177,0.3189922331909479,0.6237339114714858,8.557559727439122
1.471491972993157,-0.39457285186939384,1.202700806536146,2.9182465244600286,0.7648430456226638,15.335420708459889
-2.5666584409312976,-2.1291978892000176,-0.42660498305909955,-5.105619206562829,-2.4917361794358914,-4.190296936798097
-0.23685026450968424,0.2576404209211606,1.1649444451881277,-0.5028502232025719,1.426323705566064,8.225230142660571
0.17651242137244696,0.8454831084818539,0.9277423995512052,0.3840434624414618,1.7957798722182503,10.475606981531271
0.2959939896870995,-1.5756193271706151,2.57251743696973,0.614099082476029,0.9838270494404631,14.432371053137352
-0.37191458132128985,-0.661416892306816,-0.7500017362485115,-0.7468753153779765,-1.4443935133639911,0.7777767002236378
-1.7567217824785826,-1.157464632233422,-0.5074005764004252,-3.5355126805754624,-1.5809867361400767,-3.0265015540118836
0.32799548371410964,-0.9653511948087635,-0.3061190484599539,0.6635680072164826,-1.2808798361212714,5.6228629076984875
1.727350214164185,0.05348162682190022,-0.4902221500387753,3.482213115480055,-0.4589090171932314,9.396654007032994
-1.5338614049161376,-2.0844021549884744,-0.890020749763603,-2.964632852195695,-2.9196157864343104,-4.898876485513938
0.8638280136981883,0.614270438357064,-2.762675505673743,1.7746270484862856,-2.1845230852600483,-0.2745183373044724
-0.3285252231228939,0.7538550699336822,-0.4346994737231341,-0.6082509487549957,0.2894192290218483,3.320928776495596
-0.0613243458288473,-0.2511025880369125,0.36935805969990443,0.0317769180853196,0.11876780586383684,7.637836857029393
-1.052898510703949,-2.4807085099845416,-0.4932218455059107,-2.0799990975695057,-2.9739168502860434,0.8789859534943987
-0.33445617235587666,-0.9964186260023896,1.9353811835291097,-0.6446801691461682,0.9519431249218808,10.608706111824088
1.3000445946989585,1.2329019341026966,0.013375812715862578,2.6352899431139996,1.3508612012883334,10.16256176486735
0.582655241987707,-2.7779942807285725,1.2910290551841355,1.1148621850960014,-1.4701528132268185,13.208614275069301
1.732311605409944,-0.34752341219351923,0.26142041272996835,3.4424281289989502,-0.20500569760109089,13.308384210860703
1.1774118889776937,-1.180000778467259,0.826407309893258,2.3295153146207705,-0.33727852140242304,11.639593544545434
0.4390866789295762,0.8045703015848366,0.27924155393356226,0.9105540567201305,1.0857058552428789,6.720034837846311
1.743934526167792,-0.6751139521434614,1.3687846319035628,3.4791603242245244,0.6958431809776743,17.25840515606956
0.43899315873829875,0.40395402073561154,0.05593935013240072,0.8848974887503126,0.47219073633782077,6.802536015509072
0.8279881767970589,0.5654604191690931,0.4961207080887857,1.710349084601541,1.0601472128741387,10.04626376749452
-0.29657095353470836,1.83622583973002,0.3663329336500437,-0.5499843701342098,2.1999281687272942,6.1847323775085785
0.06654581585920483,-0.20294194367537022,-0.2882854581273188,0.1250055815663473,-0.4605751913141497,5.073482700877286
-0.6974238233002769,0.37604436962261134,0.4049823189246768,-1.4283474014444648,0.753922648687563,4.886658114312287
0.989583934594853,-1.485055479127436,2.234386246197682,2.0359316057723653,0.7019464502882873,14.780764728425345
-1.1783036231148656,1.190413563293744,-0.270396942095442,-2.3179126871842377,1.0712056938294217,-0.08448044778732294
0.7823503424176613,-0.7605088480713647,0.4194648928532483,1.4843878439205536,-0.37683682740717805,10.180474852218714
-0.19065105750515945,-0.5607541640877456,1.2577789508694428,-0.39695981195573293,0.7020319324047011,7.115221684108028
1.1712470934673194,-0.022247794849210738,1.1402532809442802,2.350769960035477,1.0432224735513012,12.875551077327168
0.7508689887312598,-1.5628843453398495,0.011716417719365251,1.5406794633185712,-1.5453445068679132,7.235115839047067
1.8206461576468016,0.228770028928938,-2.3833887029573617,3.6867973900405917,-2.2012799515628907,3.8918523236009173
0.7307746911386448,0.9674662729250108,0.5167028186484662,1.4757446823360634,1.4620454444309763,11.32226295426266
-1.5720402556532407,0.2929338234972916,-2.2194742586230527,-3.1148181347385386,-1.874287201837205,-6.914593868267664
-0.06695317289820084,-1.588897564178725,1.469937230941231,-0.130699505677494,-0.09535985481859031,9.111484440525485
-1.172007192594816,-0.12380929432965958,0.16947387119326057,-2.37770696959866,0.07408505309234195,1.4716816895436904
-0.5182798423662747,0.7420289029794906,0.999674019871989,-1.0496229042846121,1.6531426809318865,6.80088545861396
1.5112284332767216,-1.8779887659659078,-0.9021111381810512,3.0234064258854487,-2.6882551456555084,8.459314817636859
0.637533810897696,-1.074766013817714,-1.5525074733000543,1.2733336592944626,-2.6868675526648618,2.395283609435176
-0.6989304285787463,0.87654360408152,0.2607543841411672,-1.4921395023796662,1.2137260289373806,3.5263778914487283
-1.013717366440399,0.27009543419728654,-0.03360343995614198,-2.0473088996272693,0.2875691875402189,2.60730591842324
0.03278209287626079,0.41197158212675383,-0.4915408261571657,0.06837446840697918,-0.05070260694117787,4.572340409828717
-1.2165601493811278,1.8594948076233115,0.08466128073276377,-2.4471887983575407,1.9014068493106562,-0.7226127404465854
-0.6711402773965811,0.4685527785062026,2.76743589203226,-1.3546217445687414,3.2435681627794386,12.806173983001296
0.31200947155124387,0.6578880104331793,0.8345255473690577,0.6484185116427171,1.468867487269994,10.02635831971376
1.1553120361066962,2.710745527218326,1.049498605863319,2.2566762128609605,3.7616961116569096,13.585390579574502
0.6087614722244398,-0.2138045580904907,0.8439368915533556,1.136120833751319,0.6176387205085869,11.454561098579896
-2.2912895085981,-0.7978827636184951,1.4794621438521929,-4.599987506738033,0.5796488549050773,0.9884682079611538
0.3043667290302598,0.4277963982471327,-0.1900716729007449,0.6469391783356091,0.29381393289561725,5.883965057280687
0.07203357323257792,0.4389910293888949,-2.0547613076752937,0.22844479843948778,-1.6198256361138668,-1.7482116289239436
0.41389028537269307,-0.5267153919462082,-0.1885861330060098,0.8668869827001231,-0.7395415449273298,3.948338756197214
1.6162096816512073,-1.0323970195548475,0.8117357099965018,3.159006175308972,-0.2486776711998341,14.132776000407013
-2.063238276804743,2.309844422090078,-0.9698003951150737,-4.138094915578324,1.3579670057933426,-7.285468287924043
-0.5911034251911056,0.3268434703880229,-0.17636595048933035,-1.1693751313281346,0.10578970298396895,0.7488977200279552
0.5909063227933546,-0.7322853814020757,-0.6917697430023131,1.190692201432889,-1.536813902328091,6.155371697480531
-1.5815943994539423,0.9159303022795986,1.5020292518431304,-3.136223571260741,2.4383160442831424,4.489127896314044
1.475949048053509,-0.1091451515613345,0.7494570154065637,2.9060456487839796,0.6662670137430703,13.526048741326624
0.3683566127006584,-0.25288144631783127,0.651540620643959,0.7399603797788539,0.3886775830922461,8.17067566667507
0.846583985843404,0.5622728719144933,0.6216013131209713,1.7141841131756144,1.1264790412759642,10.753827907151159
-0.5709436615217945,-1.29188226823169,-0.037249252552126945,-1.1006037753784061,-1.3246847437393525,3.6068243912194102
0.8137636899662105,0.3526272039171724,0.1975562825275035,1.5872414716017813,0.4769568680289965,7.952939714167484
1.0684715559890383,1.9129548077317522,-1.1851845805323176,2.1196852686159318,0.6764086973650516,5.0095598384665925
0.23287802013716835,0.46617766219731077,-2.1864419787505676,0.3305651562706697,-1.7577992133784648,-0.9956335818793899
0.23440089269869593,-0.3762121037834645,0.15008113034502407,0.43772868701850315,-0.1839340198938626,4.595743755817949
0.2703432392817259,-0.507105280428242,0.3239902562721444,0.5144657339148996,-0.20124557167794344,7.108397624306037
-0.8633452647393817,-0.41033997334510935,1.2092645684253776,-1.7776697548871354,0.7765312744914451,5.279477306101924
-0.14752868024035293,-0.25396267804778105,1.5713358160823676,-0.2867767529690733,1.4151077638051488,9.975340332868782
-0.1525225324523588,-0.377806532758272,1.5699984849989468,-0.307842336506981,1.2098150771001104,9.417123625232714
0.3833938643534951,0.9163114410745667,-0.9980235932938778,0.6538270348281097,-0.06476242669556975,3.155536590200746
0.9998242469102946,-1.7332091032089831,-0.3522650349497693,2.010423892285677,-2.1039591754191913,9.65841421045137
-1.0585360819784093,0.862000050412134,0.48033429588137955,-2.16348837049627,1.3125157629116746,2.0402579637092364
-0.12500903031957764,-0.3796865251425611,2.5319046777421774,-0.22573361267962952,2.042897830598759,13.446842839891465
1.4814555476589732,0.37694778569537224,1.480099203713916,2.898818532931513,1.9054840160054662,18.16574359404285
-0.7435882288125641,-1.1269879102008638,1.1193971619983802,-1.4856761306985813,0.014824737085335448,5.439102707410431
-0.8222500172903203,1.328631066849436,-0.3877879555492906,-1.658658201024966,0.9318848116394749,2.143421752801667
0.20230619183119358,1.245634960171873,-0.8831996311551246,0.4197674779099037,0.35557399392493566,2.717203941849078
0.8443851904853201,0.9595905257500736,0.7889078833832395,1.6950052448532076,1.785305622246366,12.997346437814935
0.01142605556065933,-1.5147547757935393,-1.10066126423436,0.010093902370245938,-2.6931515436818922,1.7817408106851738
1.3289605904369892,0.8291210710660528,-0.23843635098030264,2.581107565171766,0.5611906535080599,9.691028554892833
0.8567939825665268,0.4048550876357089,-0.11477794900192263,1.639727566960002,0.23326199548915974,7.809261941497013
0.8418200668900618,-1.6052712471325676,1.592912089122808,1.6544457868255127,0.07621630611457758,13.480984894382235
0.5541165013240933,-0.02429738377081549,-0.35469730295967755,1.1078190084517072,-0.335211910137828,6.138175550988945
2.327653100346085,0.3645344890332625,-2.4392496385726155,4.624893803332214,-2.184849781596121,6.435124662606696
-0.2051616888660442,0.5560752738231508,0.5044446476624683,-0.3790627812031151,0.9848318401536204,5.796052215958281
-2.003522292066514,0.17726136694885572,-0.6990218531039264,-4.021005630093612,-0.5283777698229449,-5.797503549507697
1.604254361517141,0.2912314168473797,0.042631024437746814,3.1602580867953063,0.31024043068150525,11.244074158096174
-0.45769943095682564,1.4736113922530956,-0.08670470084212364,-0.9293036765630467,1.3206875810071277,3.7188218086759317
0.10788044434303304,1.2260339099106798,-0.2737039958177683,0.2270538805018937,1.049568025975436,5.898841966782761
1.309550684860527,-2.8670549537827434,0.7903405817847039,2.635345605662283,-2.0610873762989104,12.376620371289075
-1.6022595410589253,-0.317438554837682,-1.5328648783527072,-3.1106001255181943,-1.8265626170472347,-7.348211985331529
-1.2516472141061394,-0.16465102754395128,-0.5170142249543602,-2.53673989521245,-0.7162659999599222,-1.5227039525210129
-1.6012779371188537,-1.7520985727269711,0.6840379131173813,-3.2062298073172273,-1.0319469522506897,2.5869434603707147
-0.7941362900254239,0.09418305823231217,-0.6140847753443682,-1.5669663827098763,-0.5389233551611566,0.7927582570778606
0.43963660601699356,1.2487577724105066,-1.6088067092699718,0.8781020640739463,-0.37421609554484025,-0.1530491619076091
0.524187842812771,-1.0865678595905903,0.6685553432567358,1.0233447783261094,-0.3874624183425915,9.221203844990606
0.27627417932855375,0.3364009386898723,1.123094630441539,0.47508549983989534,1.3780456908783962,8.903693183255454
-1.4127658838923665,-0.9158234772964378,-0.04499520764300634,-2.8510734957373836,-0.8809672919468949,-0.9291273622264729
-2.310103436632644,-0.6719120236796768,-1.9608455984695325,-4.6738919939011785,-2.6236381614130155,-9.507566983984145
0.054353585390382264,1.477393634170035,0.7059697466988162,0.022376836724575605,2.2474105913078724,6.350637060074316
-0.47177603363833576,-0.542557820111825,-1.659887881419688,-0.9833360093602008,-2.2562166893624536,-4.443010959506087
0.45938577171661177,0.46221248901062467,0.3087992768481657,0.8664169573949008,0.7248535096573807,6.971292596979444
0.7019536262212701,-1.871218116060987,-0.8874638247421598,1.4330965797071877,-2.816776951883137,4.887406362335857
0.13824143205868192,1.8623175613948801,-1.1598392857669653,0.3065374559880785,0.7149931592611568,2.1543401118929477
0.7601330853758538,0.602652446306499,-0.4419100170796902,1.4750722062726638,0.16404159432272106,6.915297064538335
0.22921137411506842,-0.18249984265026167,-0.18329755642725984,0.4454113167019808,-0.38901799003908055,6.3980425545086845
0.5300647056014667,0.5755465099998948,-0.6442082503864482,0.9672172780973066,-0.11936520003081746,2.9545813659780276
-0.7046732628698824,-1.4098194289478103,0.5887032782151507,-1.4340635232488996,-0.8844459642192017,5.2910868349047835
-0.17961141383145854,1.1825307417526572,-0.44606937845883377,-0.3392737326277998,0.7340371682702906,2.4133423574924495
0.19677609665695725,-0.3239847754964302,0.980190871671822,0.4347990877946196,0.6329267571959617,9.923331516565566
0.8205284754174188,-0.2040695150484347,0.28117316564347944,1.605404596750272,0.04282330097713161,7.85640767838054
-0.3937411722245721,-0.49165561496548443,-0.697557206596308,-0.7348896014227683,-1.111858347255212,1.1695471051500526
0.5211672557321126,-0.5806514027455847,-0.8659398838322859,0.9665499153885517,-1.4507075704875072,4.244025334247353
-0.265838791915379,0.6946706116284086,-1.6474962990474387,-0.5940589737879477,-0.8893235407226838,-0.5780275784150355
-0.11754216732813036,0.25590685010422287,0.2907331778668224,-0.1996012413743669,0.5199774188369104,3.9265591589862687
0.829519042024073,0.6517481414030399,-0.3545875472513581,1.7425941454763083,0.30939940834161467,7.17402796034539
-1.993060371054156,-0.008794689485571452,-2.3721955280635143,-3.961449142699127,-2.3837640183619024,-12.353372925502109
-1.296472328074761,0.513199811077181,-0.5357148727694001,-2.5949617754762224,-0.1073961771681252,-1.7261661133988317
-1.4821853974428207,-0.41884874392503835,-0.901034029254952,-3.074129982211752,-1.2484658578667949,-3.2171899187441526
-2.3336161198483047,2.2297318414095484,1.5756775921706603,-4.768354592498784,3.798651753228588,2.403500798607851
-0.6782644401551767,-1.5679304164304986,-1.7027786118933097,-1.35005840346556,-3.23338811734216,-4.129935296169973
0.7494338997277404,1.2609373235629844,-1.4413507997340538,1.4809646659769222,-0.21801491229414738,3.796079846545129
-0.28488406638257474,1.3679074507209708,1.1099696431056998,-0.6250598918727553,2.469634874747682,9.062128755104924
0.19779008194185213,-0.8521588059655938,1.3567631574639631,0.3988567929252068,0.4612617335022016,8.811537487564228
1.0892174967107926,2.2292736105559734,-0.7449829387256415,2.184191561796976,1.5460905959685016,7.488252753865911
1.3276861322676916,0.9954902829453182,-0.6320858228089109,2.702593057962397,0.378974927508941,9.111706734478258
-0.06913793472613955,0.9711390068229115,0.6162353965533128,-0.13144575530164407,1.605727079710269,6.661666172388006
1.3535858895693973,0.028022187025876687,-2.32709979694531,2.768591497555514,-2.231168402564185,1.2252489653627519
0.09212665843410921,-0.21722615821867644,-1.8611936845055561,0.1846530183456591,-2.020602777879281,-0.08688152549472339
-0.8373982238274621,-0.20940882703960811,-0.28073340085071186,-1.680563197395291,-0.4518751010835057,-0.4580177471016511
-0.5944003521987352,0.3905305963195172,1.549890566129126,-1.1355850950851114,1.86933479509677,7.753099208098532
-1.4805365125650163,1.4011862750338961,-0.4357300881667396,-3.0099950691321045,0.9306722308913223,-2.581354350599687
-0.8881338537336524,0.1813142178614196,0.10093679173515462,-1.6355453348039968,0.2320566027960066,2.48625378057295
-0.35801668807442916,-0.9114436231372903,1.133789272564012,-0.6972705022405216,0.2587223341080116,6.991698948480541
0.8035850193786016,0.8244270623849798,2.106884733278146,1.6262115013990868,2.939844392750629,14.93043888065601
1.7207698311659838,0.9211507463947922,-0.5768484731483126,3.4677944610305973,0.2747766515649499,9.837101303394206
-1.38218151537704,0.6546595284477861,-0.016836723733426057,-2.670506206987498,0.6283855940637987,0.4467898736267659
0.39282746825991893,0.7454989065249826,1.8220552213428425,0.8252803071034682,2.492848511081886,15.106354600112708
-1.0405439391575344,-0.2709281301578081,-1.5221992751914284,-2.161340677265265,-1.7957852297527246,-6.042796467860986
0.47469708846320197,-0.9289891671305796,1.0275810705538218,1.019567696164779,0.015823278223882964,10.680213627798231
-0.1310866506877266,-0.8681934306407798,-1.0183155323612583,-0.27921813034770404,-1.8600675883328075,-0.13062565739726684
-1.8309058258475304,-1.635463248457858,0.10247236710315673,-3.6564538980530945,-1.5140927500529977,-0.9056836358979399
0.9282969915684843,0.23694861154594976,-0.24261904740027426,1.7926312845282053,0.08972698881301958,7.084290253094052
-0.605000712808731,-0.08344878322659362,-0.9580116007012293,-1.1836913247112673,-0.9990667194529558,-1.3497492924687182
-0.5339002383735546,-0.43998770452970876,-0.9831019276582751,-1.1003691912504867,-1.444235344979109,-1.2243043421961164
-1.06975241128969,-2.95561882434507,0.2764143642537545,-2.134496340679706,-2.638300955427591,1.6965529412868623
-0.6542832766875555,-1.247317469694169,0.9955393281626821,-1.3227715036431502,-0.32166133557874577,6.043583275449335
0.4278904406949172,1.1208406514031668,-0.1297362031885032,0.9520315214766271,0.9429808180306093,6.693064504903709
-0.18924434093640552,-0.664626000063131,0.07011315873321637,-0.27937566686553156,-0.5778557147261592,4.5655219063490025
0.32866200228248105,0.3605916776568414,0.5711740662910472,0.6596496630756992,0.8238532608104923,6.769204081688585
0.3619218539288437,-1.3906854299752562,-0.9716187730129598,0.7270425934261301,-2.3641622422349102,3.7726912247710374
1.320661655528167,1.4387054823592311,0.739692508412923,2.6226511627388582,2.127384826166233,12.707249334524288
-0.3427861508643793,-0.1440276600546764,0.819343097059747,-0.6302719871536193,0.6803807897627338,7.696071889069192
-1.4768578168457318,0.2900403964835352,2.60362629875041,-2.9701616272081326,2.839779877331582,7.381525366200509
1.067222416571983,2.325779791881685,-0.3761041905595823,2.113377969411681,1.970888008194862,6.382141653857776
-0.3314881720972547,1.5164401005894037,-0.4580818016681276,-0.6140467010112611,1.0593246701046455,2.063132567047822
1.114592444577377,-0.3065656212870578,0.7689658715737455,2.2022699343889216,0.5324185461307542,13.572282131407098
0.3833771131824704,-0.5932201848703592,0.8191041689121383,0.7648664746425143,0.22622071074686023,9.561044758087366
-0.13113753020334493,-0.3255450115195318,-0.535087153376712,-0.3413405994822395,-0.8990643051443171,2.2865779931613504
0.3487758940462951,0.5098982484765356,-0.40316267693004887,0.7327613053487486,0.09439127875512263,4.1066033623179266
1.9510125601262995,-0.10522413425087113,0.5411308382180404,3.9990684672116927,0.3686948841163327,16.369872674727038
2.076980529053753,-0.39524414500347166,-0.8275842407346614,4.190022326747496,-1.202521523002861,9.440419038549457
0.0693811351327787,1.4671812507090423,-0.4105339880150149,0.21185222864292264,1.086139775009791,3.210791328670533
0.1601905933170753,-0.11420989177783689,0.08959276736843465,0.27807607982528404,0.09884267742523865,6.7501383054066935
1.0762401574663856,2.2995890930373193,0.9959386848222581,2.164296529034181,3.2644359783293573,10.87844984484692
-0.8456610327673472,0.09074256375217302,-0.6045986161795408,-1.7384800617531637,-0.5272457811111269,0.7254929222068056
0.3330703726182551,1.7853183942247275,-1.842384462030672,0.6547524679574431,-0.08585399402785526,0.44485899649966854
-0.0258628479538564,0.3573194227106268,-1.916597467518211,-0.013115122040087558,-1.548672359751023,-0.8717947992711187
0.3139082114575536,0.9629605732494478,-1.2594130667061334,0.6329074535702721,-0.27736796673270486,2.446518693083945
-0.8333688059494058,-0.7246110515177244,-1.3131677181999373,-1.7373696630288726,-2.040447511939087,-3.131339264961655
-1.589567493308969,-0.8537592225874118,-0.15461075861990903,-3.244886441894826,-0.9540536853636692,-2.8867994745121206
-2.0729834359912918,0.4597059550149875,-1.188880153597605,-4.2150250685571224,-0.7600231737703563,-7.689316771444493
-1.1173841129896078,0.9885532424653152,-0.7027549598212041,-2.210195596482236,0.3351069850386467,-2.7935114035477193
-0.458675284939333,0.040256502000462865,-0.7740858849820498,-0.8141558430958327,-0.7069044902995328,1.0476007216374026
-0.2931915866487618,-1.2863933350836971,-0.4405078608479934,-0.518260261097513,-1.727502691926638,3.1250944350951877
1.9372311624295169,-1.360258366289327,1.3225043315231224,3.7796630649017304,-0.05350086680406192,18.775605147192838
1.1059933699072981,-1.4271364021862412,0.6619475894305167,2.2830405367180853,-0.643855424819156,12.390751357513745
-0.9620911163416273,-1.767622112939381,0.016129415276003874,-1.8773622118325222,-1.792343130200481,2.0743729900458487
0.34770845245095694,0.10948535944708751,-0.4610262805808381,0.618151907625476,-0.33664426228532984,4.471257909599375
-0.4070782363503251,1.1250439217080253,-0.4332326566230212,-0.8293165535361751,0.6543003115728975,1.2944936709679549
-0.28436383804009513,-0.013415786924808768,0.3277464699519495,-0.5139515555053997,0.40361172045820604,5.6892793186377695
0.18532564941538202,-2.2604147573378524,0.5841690733522902,0.3981729743775033,-1.631904367545602,7.5018649523309255
0.6191711169753933,-0.19076046033454871,-0.9076175061006004,1.1728874813313872,-1.1322954603772064,4.468646621183315
-0.33925848388401536,-0.1627989966326071,0.03648075561423148,-0.647979859978221,-0.10068849134681421,2.7759845730163555
1.0638515327343585,2.0959987502254394,-2.031619568663027,2.0208280356646875,0.07726396762624017,1.235442015366179
-1.141938226142404,-1.4571379129195563,0.21171378417059702,-2.295017561072669,-1.2712553668476962,1.7514216104543594
0.006339062362268442,-0.3906776025991957,0.762149241958686,0.06957596319453932,0.409379850220899,8.68383401266839
2.5976737265958323,1.7058526805445642,-0.2800686268808754,5.196267163970231,1.4452493232189092,13.464188937833308
0.2230797426252751,0.44997834134654807,1.8165269961401054,0.4212126077524529,2.277290273180951,12.929874200137437
1.4332145066061728,0.5633130735164247,-0.8812384474360504,2.910896325900963,-0.32002135948174215,7.133829472583317
0.09152017817320818,0.11458443702387822,0.21744041530326128,0.23177794710074542,0.3535775769571221,6.211101587091687
0.5807770953297967,0.32994353865726456,-0.035824746665955476,1.227056175302941,0.30558817506593206,8.670355942249909
-0.056783194392691534,0.777609530278536,-0.10029766744340833,-0.0698492673630637,0.6802665294863786,5.257080514413914
-0.17040758116420443,-0.8094863188927663,-0.11432216800474763,-0.28674642263155153,-0.9558592826968921,4.677046853598431
-0.7794823967254196,0.8780585789081998,0.10710503000947168,-1.5223193655789626,1.0698519209557962,4.353427714600627
0.4303013589575532,-1.3730030168855392,0.8479587434636998,0.87387915037093,-0.5775652705892667,8.886777918796422
-0.8515371891857679,0.3283679728315381,1.3777362362747443,-1.6985989283833451,1.7274860200502695,5.475054442108057
0.6655852363134291,0.17874096328632716,-0.0022502445041573905,1.3193074866719883,0.1604786816670981,6.894387252052997
1.08528700444591,-0.6162930881921079,0.8153160721716332,2.1099555942388335,0.2870003474519902,12.085898736596176
0.36653140723722993,-0.022685275325646737,-0.7017669462667825,0.6852972390334694,-0.7696263484536212,1.5411596612804086
-0.28624873355569186,-0.6225401526655531,0.765955452726233,-0.5865981912081442,0.10665213697266332,6.247844225397824
0.4539655793086961,-1.0717013268617444,-0.7619915238269903,0.9200037665975136,-1.882183753851826,3.513375749609284
-0.3086730555464126,-0.35361474161364437,1.0906599360881322,-0.545305481192612,0.7532184470220183,8.434744141565778
0.9355471254651493,-1.1039886353716615,2.2106408773932396,1.869004389536523,1.037999709043146,16.693500955093224
-1.8314060842151236,0.3227974640932481,-0.12208388797139179,-3.6126383538863642,0.176787151383968,-3.3763805147335377
-0.3356073681186462,-1.1500854941523635,-2.1925434908074086,-0.6172489534156864,-3.4502472761024863,-3.6146245358122355
-1.9908119951239978,0.7119770229910514,-0.548072933244823,-3.993196330132435,0.1759251574526329,-4.139984221558513
-1.495060830227205,-1.18147906792882,1.2318751342893033,-2.960387149885901,0.025385323422670084,2.5276196287209585
1.3638622298139094,-0.5662949155810063,0.5530767870252449,2.7155480575415756,-0.08762096575235409,11.74329954302527
0.895184981971686,-0.624603408215179,0.24891359867502955,1.8564767586472957,-0.32140933939144656,7.3681886738007325
-0.7194802332847904,1.3251467288748389,1.008668355954839,-1.4071682996562842,2.268431739910431,4.446887731951644
-1.502503456040897,0.33028994561659186,0.484453439248422,-3.064531099816212,0.8545905693664246,-0.006964072082077943
-2.964528837841651,-0.21173380254439425,1.2177251874511363,-5.92098144307561,0.9709393437073519,-2.5879769847765393
-0.5434955079326346,0.4987194410697233,0.9194236766469855,-1.0045854077740752,1.4982216866114804,5.299978099009236
2.4204150122474024,-2.107192347329688,1.5217004527369589,4.83176847276747,-0.5480143676464219,19.564583924548803
0.4348842714636474,-0.043133589640907445,0.35879608390625434,0.8921542944320482,0.26526010072164546,6.680380786608855
-0.5595722860494895,1.9975141778047627,0.9052594014939547,-1.0918506302120217,2.856919451688202,6.023171375284602
0.46508020950030626,0.13234650640267256,-0.3071270730857854,0.8783292740423825,-0.14450430642189735,6.2457276248291995
-1.5609583529944429,0.0679131691693355,-0.6014608115590059,-3.09638130852821,-0.5466665489251786,-2.9600510183551485
-0.29732336269763543,0.5481283796421961,1.7067676404189733,-0.6643384829970022,2.246428894710101,9.744974293078121
0.09947747301573849,0.8956052433143455,0.21620467632268803,0.16767374071140717,1.1754218627256385,4.725136546208143
-0.08610065182104851,-1.9974666928898597,0.804880565862379,-0.11841515526738741,-1.2300205706959786,6.804749896191641
0.7908061216900806,-1.6823264817910268,0.12374001441139017,1.599450057895579,-1.554021778770864,8.207056149356958
0.34464522623605237,0.21029129108614655,-0.5865156509199643,0.6740665620847784,-0.32849297015120243,4.010331647975277
0.668326018107997,-0.7148765618975097,0.010982892582401323,1.3589750872782533,-0.6634377948958283,7.878798688829918
-0.6883722822307594,1.3120252622199142,1.4359940177677142,-1.3797491768492753,2.7400386466115947,8.680567732689035
0.8978154084105481,-0.3151743898852239,0.555240074279424,1.7962597419386879,0.2256203903515672,11.318121980778306
1.6289369476239914,-1.9345307357131178,-1.711473159730459,3.2907148215839896,-3.7329446685696235,4.380612868506574
-0.9701495196514126,-1.268013916843997,-0.2152444565761547,-1.9766674263357817,-1.5360706230534114,0.9206405058914449
-0.8876956557145598,-2.7496760196305754,1.782293792704712,-1.773374491151385,-0.9514642655971267,8.360392352070331
1.3357843363202329,-0.23412553728291255,-0.21379686184995605,2.6559552629101333,-0.4548165085799804,8.767185932095131
-0.19134398669506028,-0.18838412726438336,-1.8004786917341806,-0.4619681421201334,-1.9851164650702526,-1.2503328217228171
1.403821392066557,-0.42446270978189776,1.8930488854225436,2.761619996320649,1.5205488561223488,17.16149399835704
-0.4425357118921839,1.0788790390297387,0.6823925098127926,-0.8066611014311762,1.7019053933894175,4.128750297031962
1.4550455762707113,1.1985198365166936,-0.0700128588128004,2.9293273182706843,1.1166979625922606,11.016340076516551
0.13148581680545218,-0.1703884233561112,-0.37141773608206863,0.1967922185408349,-0.5323706112676189,4.42872440335518
0.2582288233226952,-2.134693667476856,1.0823519297917354,0.43943992785296987,-1.0875497345638463,9.484544565222366
1.5647180216699044,0.6172815804922585,-0.5419834002261925,3.1238278483342796,0.1468720359624368,9.464820714794621
-0.36177047744417123,0.5553602285085755,1.1482564245159883,-0.6454816282295184,1.7490459931052211,6.982618440631539
-0.9411220959249583,0.309391570156945,0.542195285724256,-1.8915820985901344,0.8660935222356387,3.7676699994709386
-0.44856420802835434,0.9814797493081158,0.24468192548734993,-0.8317784383865079,1.315873263761895,4.23077743935134
0.4523339506431387,-1.16482809646104,0.14551480533559535,0.9222644398272103,-1.0942580551059518,7.343995206504818
-1.5657590721805144,2.008755386185139,-0.17496803671417813,-3.107955621468734,1.8334010354156767,-1.5072738594572295
0.6374709026511215,-0.959427753141868,1.0456401202092658,1.2081557798370146,0.10452921551410083,10.058279101071385
-0.5387713176177432,0.7492229272008546,-0.8653428321018342,-1.0306664891479986,-0.16184765724067568,-1.1460856363450929
1.1478126607335635,-1.6873476944133516,-1.6219251268302093,2.278878719603447,-3.294237094152675,1.7262663926622448
-2.3942603049004716,-0.9302646872700508,0.6144401228924746,-4.7453659871203975,-0.3711536890669701,-1.950839469026333
-0.7865657751041687,1.5163686467253361,0.6312383280671477,-1.613840049307643,2.1821348407061962,2.8995625063493486
-1.686468151234102,-0.2608998230008499,0.4802411525117667,-3.3640838350927083,0.2722330679173621,0.177750849251067
-0.8262294663639526,0.8399226051327979,0.4077283696180388,-1.6348587850310234,1.261267644807253,3.529153067108152
0.24766590110894313,0.2369553887192461,-0.32054037833754784,0.4876301363890929,-0.17622488037154904,5.281994504725985
-0.1792266254497549,-0.10495815600017268,0.7874827043855253,-0.338225991245202,0.6341848723270509,5.748700327424809
-0.25337756894801494,1.3638503249326897,-0.04555812675454088,-0.5200749916556553,1.3465276983388068,3.8116857358678593
-0.1591848713800608,-0.23665882465190033,-0.4871135608151781,-0.35082273041218553,-0.7227124532914602,4.314536842939587
0.20338824061994343,-1.7807381075634705,-0.3118913122553999,0.48705065037958506,-2.227329550703495,6.206984872370791
-1.0085360419431078,-0.8032400919517051,2.020639698775832,-1.9646244405681434,1.2795411260175389,9.175924732015792
0.7068496408990508,0.5511917287016942,-1.7349760820454327,1.3756560445456927,-1.1769515280310467,2.0871194472552066
0.6626659703854839,0.39550910636250813,0.49978810429579884,1.3537541560506985,0.8543434774583047,8.327119498971715
0.385037937656101,-1.5670582502354382,-1.6791104276237172,0.7329419325771444,-3.1964208979808224,1.4628154677215846
0.5565334427512632,-0.724342519408201,-0.10823333832297323,1.05383265331941,-0.8664528583765192,6.591924740745557
0.2964180008086595,-0.5817213492022466,-0.4336274851541877,0.6445264736872678,-1.0497714402366451,5.185504104742378
2.0350733027310675,-0.365469594114225,-2.085028296679878,3.984941624179765,-2.432580258243401,5.2030834921528
-0.0870941710525099,-1.3759135886015514,0.389037590433763,-0.12784554642619272,-0.8978240752056736,6.041597013231844
-0.30708321833457675,-0.6283711081194786,-0.3800380621921959,-0.6268025522978065,-0.9272298114130301,2.7617219290483948
-0.7535275803573779,-0.7286104852595274,-2.099206342561244,-1.5176324908687822,-2.8098312528755662,-5.084371944086611
-1.0322626705778368,0.7715332597619193,0.8395680907742521,-2.0440377801745093,1.6342206334786873,4.359642696234397
-1.2444717876010754,0.8091213109902438,1.435006177988935,-2.459883634602438,2.28370243558342,4.55911935154041
-0.8887973132309185,-0.145810458088816,1.490124342296572,-1.8189117853032823,1.2814647004392885,5.170604546046468
-0.07068038165207131,-0.3920397958707315,0.35895644065147114,-0.10547448286663946,-0.0008759383616612423,7.680769029505608
0.3342951284977145,0.1399243120391134,0.04605813857711549,0.6742587838966901,0.14927877720905247,8.917065084670398
0.051142058552161786,-0.8165751074555749,1.328156620895797,0.03948137746092166,0.527505416780051,10.30098355540427
-0.765535277429713,-1.146832082167441,1.6823835853400984,-1.5395642790384128,0.5241781217922905,6.475215719391154
0.9001845640199633,-0.9402212089257169,1.133568702875625,1.8694330788178728,0.21840791030561874,11.879686407402058
0.7394126723009475,-0.6348131639714567,-0.9415376022298011,1.56265508451418,-1.5704455929509347,5.225111866907244
-0.159648307422017,-1.163473799792271,0.2013448532149219,-0.2834291919636001,-1.115780460118414,6.117860052603531
-0.652916144664712,0.16205955906287475,0.4395161442914286,-1.3653494637378425,0.6105202889395623,2.7018818757856042
0.5484279208297995,0.7297156737837084,-1.8096169689172292,1.1213861867823935,-1.0477936475185576,0.8121999390513186
0.18797358748610446,-1.5870983007982418,0.4693606596207741,0.41849022016516857,-1.0954412237605449,7.656453080491422
-1.4481272594150476,0.02512871121603335,2.272991825979389,-2.859969119664159,2.2929912398849934,8.035424909515656
-0.0679802559844049,-0.21993579526633558,0.6399361658007914,-0.09671279753441388,0.5021084551309761,6.808094488375009
0.26203581207438104,0.3415086855368029,1.4734130814417563,0.5422347781111386,1.8304904234346424,9.6814932319151
-0.8996947864877538,-0.012938768103588062,0.18291473012870507,-1.8030101899170348,0.19185962703477233,2.7045769905009016
0.189843392837443,-1.4535992799316308,-0.07321832398382148,0.3492684108796851,-1.474593009212924,6.717145404585091
-1.4548224852577891,-1.2623892988571654,0.3812713900809755,-3.004541746440653,-0.8629882587913601,0.42137937451422
1.3361861000121709,0.029423575584972723,-0.8158266479844326,2.6893542883600094,-0.83130396007017,7.8132804922360135
1.2479499850594318,1.0287809197455093,-0.9637751872343886,2.505202612301473,-0.05691113817786038,5.904913135203639
-0.25251733430296475,-2.214187371043003,1.2663045571693656,-0.4771558764646887,-0.9717388589745414,7.542451124023838
0.36345433783907316,0.34572657980157995,1.3723423428665182,0.6600314910135017,1.7561161989621539,12.326097192192114
-2.409921965799875,1.1896220052876432,-0.9911063155873504,-4.787593097133997,0.18086087312940247,-7.74024833584967
-1.1563476602653329,-0.1530258762062131,0.9679988045538644,-2.209968065799627,0.8550318469617378,4.3844552388727696
-0.2937789201521298,0.5502024960264408,-0.08695997560602091,-0.583635333765364,0.4706789292164335,5.039473623626495
-1.0721330214268592,-0.7030690808978022,0.33980857449043056,-2.1473493088140456,-0.2988572028942624,0.9732205647365522
0.7143964826306588,-0.11936619927687682,0.4602186394350634,1.4442430830656026,0.32609160480215355,8.894528288576012
1.997296530747994,-1.6209135183081516,0.9943504681243184,4.096209912731505,-0.6031823088554488,16.724916018536312
-1.176614719429302,-2.344343308418874,0.08271820186318887,-2.4044118269435986,-2.236330853328917,0.043738903453749645
-0.8374634040851927,0.9427658012252752,1.410161995301936,-1.66476646150069,2.4280078901587707,7.524090263086422
0.23544836830993032,-0.9849949277244419,0.30941283975992473,0.43091386550497845,-0.760913953281231,6.646684025304605
1.6111161484996208,-0.4555278450034305,0.6241842724695326,3.1948820609569917,0.14573601373844416,12.577060794668217
-1.2223743125399031,-1.3864422532701932,-0.8332625915372465,-2.447228140473903,-2.1772790395380146,-2.6565327925105113
0.24903612230694197,-1.4099697030838758,2.158659010704834,0.5654384066945619,0.8259841316098906,13.91006252651968
1.8212988508131087,-0.17383770009461635,0.4698249232049664,3.7326472316606543,0.30799079874245405,14.933296613647574
-1.6517591481792673,-0.7295771941356465,0.7129974253450992,-3.2811111891271993,-0.031214977011621584,1.263528436311721
-1.281069206845832,0.37797099799469847,-1.6081858112115415,-2.5809681498428385,-1.1923588947831207,-5.22548380647203
-0.42360660646083825,0.4525384189795919,-0.822702023079101,-0.7225762695897506,-0.32672847033792496,0.8955969165761499
-0.520588412855411,0.32084964632460716,1.2378836879187305,-1.0625545497772981,1.5407502503099721,7.015361705102014
0.8126012877536446,0.2386007909284437,0.2868911182926047,1.5966457797893023,0.5420072748299257,8.557057283286191
0.24165971982083806,1.5777682049318862,-1.913779734828926,0.39457228741273975,-0.27698516677644136,-0.3690726908317843
-1.7749620596421283,-1.067593769044886,1.038289928983819,-3.4801195408220194,0.06521910960265559,1.4249899355497764
0.5154104029008109,-0.05493486620291775,-0.5437828043527234,1.0792330854201864,-0.5615874225938766,6.946691052542539
-0.5775388873556505,1.1326898205195888,1.411316985876712,-1.0341874979054788,2.5462137512295806,9.03649522398858
1.274447216941239,1.2645398093380364,-0.08783567860369966,2.479418266271572,1.1740003719324414,10.383057523594372
-0.6275875364369197,-1.4217636493445729,0.20470668602052994,-1.1822665324998838,-1.1891871354643617,3.6767841205235023
-0.6366152831022357,-0.3123554416558699,1.1789545785916484,-1.269723790286165,0.860815494811806,6.482106945391858
0.5411316108045314,1.3581210958672605,-0.8974929708546623,1.1225682324490696,0.47011014996371764,2.8012938692019143
0.7629264823369366,0.5080791051990653,-0.9928468078339396,1.4434641076186496,-0.5376615158614181,4.213587823626293
0.4480993639362036,0.19526303147977275,-0.19649842039810733,0.969602819005672,0.06361747090622337,6.372460782972444
-1.6855973173848082,-0.21768469343465674,0.8271727996212221,-3.331868797203025,0.5524788698291314,1.2878164496481344
0.5380344399282511,-0.38380092570774543,-1.3308772526134907,1.0741233781171913,-1.7362837663438868,2.919419815666656
-1.034308051674399,0.2882190630903242,-1.6680345998890966,-2.036360468965742,-1.3749358737561816,-4.028135965155039
0.2352761115882635,-0.25237412498448336,0.8237209270437923,0.43227745812441454,0.6708961460537408,8.311934924776267
-1.4237344353990602,-0.04257862104444418,-0.6029783125670037,-2.8764408750772055,-0.6666910828540643,-3.54519174341454
0.44632214754306365,0.07859870611503737,-0.3922260129202831,0.8694720644048575,-0.34692809750326553,6.785166527957748
-0.8065989043073726,-0.6780715284934992,-1.8568104019401659,-1.7058342016992591,-2.562422776300355,-4.055650323102558
-1.2826346502605217,0.5321293738814383,-0.6789793143519821,-2.522181375810875,-0.06390508208997815,-2.7103034642911306
0.7138201364823995,2.9142446484154196,-0.007567296631150636,1.4872199536739272,2.766060002108968,7.470138979772296
0.2416445216767513,-1.7769866393260751,0.9303778576228922,0.4482218358653105,-0.8967456823106124,9.002379236753274
-0.6139768013928971,0.3240125241899799,-0.7712301662346388,-1.2105434519885534,-0.31065320658668133,0.1581952812031335
1.4511788490210642,-0.7601900886189056,1.6573761202324966,2.8890806743106667,0.9267301352881728,17.130664604620037
-0.44065242156974244,0.57740257751925,-0.6845560241798007,-0.8648911450354333,-0.1624526941275117,3.2740453293096627
0.03210767397093466,0.04655747332786092,-0.6830918015851747,0.032836485881317864,-0.6386302273660522,2.907484722250527
0.2689134476786009,0.7618547740424635,1.5373575518978022,0.49365563755282005,2.302585054243659,12.103663200486558
-0.6196659341286136,1.1755065765087795,0.21146015236391716,-1.18672812395604,1.4292729911679771,1.6858844873102674
0.47113629339992935,0.19242111776818133,-0.5520247290115766,0.9390790575436341,-0.2676285111022671,4.649912064934509
-0.5334523471647244,1.1320522884141782,-0.15513313118059344,-0.9657992467867751,0.9963467412975454,3.6414475468248892
-0.4116383222162092,-2.3442978937886774,1.3530735775420593,-0.8209611461927114,-1.0182137313972661,8.438698542707545
1.362642639803341,1.5904522979160232,1.4662028196256818,2.6789813775891576,3.0960093396466153,11.248722336239473
-1.040586052512433,0.3750621518923401,-0.816793179270256,-2.0198250612030693,-0.4766436622210589,-1.3862488829548196
-2.41278033092949,1.0778433557451819,-0.042433810079108215,-4.794020653651679,0.9837426708666223,-2.9690390098613237
1.6109369950118944,-1.2198757448415216,0.09015682766757308,3.2582176332086097,-1.2177143607717709,9.605570225161056
2.549327952607003,-0.8307698816053357,-0.9862401105165975,5.158185939157402,-1.895266411846953,13.138111276787091
-0.40526926544933184,0.14593829414477413,-0.05568505264999431,-0.8431783455909534,0.045430983688566226,0.3061052003431928
-1.9368380406201853,-0.017037889337463016,0.005322860451700487,-3.880038746689635,-0.07060451727080608,-1.9116835153410956
-0.31048397619594376,0.2830685880099896,1.1402094789367356,-0.6295404439662772,1.4389398933154611,7.767186052432836
-0.2862229498406692,1.0845151609299661,1.207425028311201,-0.6369832265271194,2.2319700979499655,5.578915738476615
-0.18992384102225704,-1.7652203153028492,-0.32920939835900803,-0.39302718955242627,-2.2516130287630944,3.2132531849377997
-1.1133880419218483,0.9738190717173091,-0.21395314386081168,-2.1599571109498554,0.7076703391270242,0.877469886939799
0.5795611424764774,0.008281909957927018,0.6642923020556356,1.170989190142647,0.6489812296274916,9.96590211874491
0.5245073752860862,-0.20378186112454774,-0.5851884489270115,0.9817116841799229,-0.8192427844451575,5.540501084976096
-1.4944056198193065,-1.4711152343848903,0.5886401517374027,-3.0666032102218597,-0.8064988486820284,0.7839984221039166
0.6991967316948878,0.503048668376865,-0.08790648736921473,1.4816322663271893,0.3844650530431928,5.60798961130607
2.052684981945891,-2.414107851031037,-0.9693985777386207,4.100854013379026,-3.3394602556096977,10.595543299098999
0.17196033243705985,0.6483940112387127,-0.9568367128796466,0.31155015458903884,-0.30939183162497697,4.0705832390051455
-0.33732516206850605,-1.492105835472992,1.447058696031102,-0.6883499123818623,-0.04716237572551981,9.833905375372607
-0.1420032144075213,0.053457912617474034,-0.1564214791432986,-0.3578718165309092,-0.14473258096822642,1.7761654130242865
0.6152567669685612,-0.11916883732792043,1.640354093898311,1.3016682914127036,1.518246123991352,11.717071102887113
-1.7306716055072182,1.1695381472938837,-0.5136362607149101,-3.480995857893738,0.6176470802341028,-4.652717012457791
0.16439070297730224,-0.17865516901389017,0.2912052011314934,0.3971514823415256,0.12105124783033175,5.13499303420821
-0.3904639494628101,-0.6941385611456656,2.3926767230182415,-0.7783453132032544,1.6867256802413915,11.83436898186746
1.8478250129560454,-0.506602695971203,-1.0573867446632792,3.767126624640513,-1.6112208372940622,9.025137756728277
-0.17417273380495787,1.2728827687546636,-1.8978144998997766,-0.3355107426577615,-0.5753370141600833,-3.6636881716652807
1.6678876111195198,0.5362969691808936,1.2865901312872332,3.3784368553824935,1.8442291244691982,17.015759227832792
-1.1037406977820072,-0.3856299815231613,-0.8268091053930736,-2.1715267432595975,-1.2348422236233474,-1.7345196632457882
0.5872591668027922,-0.23644641996451343,-0.020706364106233777,1.205682886918183,-0.2498781317189817,6.758536849355478
0.3194002637912288,-1.567177090585447,-0.5859182104515849,0.6561972514415931,-2.1572864271121297,4.054681442379756
-0.8690472478647824,0.388474200851541,0.2681627809553161,-1.749737031535344,0.6132574349436934,0.4199992046022283
0.17739611463694044,-1.7598157076954657,-0.9505362071857422,0.4505639638525239,-2.70682710343015,2.1053810673020275
1.2125188368316004,0.7517964658354561,-0.1799400878833061,2.3796908244084056,0.5408057902117813,9.14289541375702
-0.3237917042866007,0.12862159249126584,0.4498153265565342,-0.6473680264560434,0.5311902272667951,5.353548728526225
-1.6919626491697632,2.3869517995739225,-1.008308886274262,-3.383181004579147,1.2975045467863342,-5.079959372765258
-0.01756282647744591,-1.1001355537243058,-0.7000840296458889,-0.015003615287715745,-1.8181499510471262,2.6978966170399024
-0.9024230947925126,-0.10266209104063294,-0.3473828335985318,-1.8263198218797503,-0.4216963916599786,-0.04391574421957256
-0.3423409386638824,1.7982877009230627,-1.4288154342262782,-0.6689445620482853,0.3347392990278415,-1.1456201095913332
-0.08158776968512098,1.1913896402914144,-0.4225609827987464,-0.17161766863039027,0.8948640921005664,4.444567279359874
-1.7056522160155172,-0.6962120515798997,0.11879653990290184,-3.4904020579029296,-0.5331312289943613,-1.4532992952822308
-1.615658339320678,0.22396742837344774,-0.39954894158842846,-3.2308390643285136,-0.11036500658195682,-2.412787941588066
0.48206683552552526,0.001999356415087233,-0.27137649293172456,0.9091054043995429,-0.22961498591294938,5.844288722058569
-0.5227186961696804,0.2819558673941572,-0.019901670906585355,-1.1321566804618057,0.3546974452345005,2.3346373041012933
-2.564744341820567,-0.6986804359848298,-0.655743462432314,-5.122645017606665,-1.3937739975907708,-7.1064781842077815
0.7848440366081351,-0.08932040270073452,0.6910625658668772,1.5940822403172485,0.4737052938832116,9.758992527781032
0.27236975527423984,-1.5980523752767137,1.4359781248017758,0.5710744126537085,-0.1843805308925821,11.470104249112692
-0.713874824036484,0.13512345186808206,-0.46438039219544847,-1.3993911127219831,-0.3013460115499895,0.6174258279102869
-1.3168302110582415,0.45002067342183205,0.4851982314777071,-2.7302898731635135,0.9427947534869381,1.0937752610701483
0.8358078963143372,-0.227419412643884,-0.23961715543464693,1.6035649462333008,-0.4532629375301417,7.169950546988515
0.3493506225604296,-1.6150508905847878,0.3654873450385047,0.7973773169615428,-1.1835180454127894,7.349916241648128
2.3826022826840734,0.9885318628514624,1.5657795312032543,4.712844127364295,2.5734142727778417,18.376861856302995
0.42018859872493736,0.3645250379928023,0.5086595430180988,0.8709192490067091,0.9131302273904522,8.939120209162306
0.3877031412620148,-0.7260150977009768,-1.7734145388096807,0.7410594014407373,-2.5464077736032955,0.46427878976557524
-0.16692793010856513,-0.28060044683806395,0.4539956314469589,-0.32987222325375204,0.11862550014809313,6.663395691638675
0.816775867200791,-1.5006694027818388,1.2328637433090093,1.6018890242879023,-0.18709996332160514,12.19624970532351
0.6250852012481537,-1.0254101277779044,-0.2215961699981027,1.2782474602272897,-1.2419612210186537,8.64426651785612
1.251725008565195,-0.5378113463571395,0.9956348061178324,2.5102887229962247,0.4266620005883862,13.052982342411864
-0.5213229186372847,1.2284208122801512,-0.690115541151946,-1.0650603259567812,0.5072355464508493,-0.4491524044714642
-0.4354074729439623,-0.6395033908874757,-1.4855391595222738,-0.9233235518719601,-2.1574987064916624,-3.025868485102315
-0.4791031709119801,0.6402136593287587,0.14116901883264016,-0.9448176319493347,0.7459347271091068,1.7795549318693866
0.7908017211789892,-0.5383162028615798,-1.7564767207463141,1.5209675024058489,-2.358950313738077,3.3895335042605543
1.498374440296732,0.24794756085187486,-0.23977101289359176,3.018122932699506,-0.06684447215274233,11.386011592658988
-0.45884049314930064,-0.14139550214380217,1.286842262645503,-0.7863567408467562,1.1356965416189797,8.315492794507296
-0.42477372779309125,0.8730566000927434,-1.9097629057462808,-0.7820389530230819,-1.0663525991695573,-4.304892224810617
0.3140772238697992,-0.5348113382185579,-1.2794967959138979,0.6640718420843066,-1.7589501698602912,3.7180124170563573
-0.24576150001290142,-1.572528250002441,-1.0320322451615775,-0.49580336491286026,-2.5899066625006726,0.08028946324438002
0.95205365313989,-1.3819490313636327,-0.06331985971095996,1.8071696749296038,-1.4320030070706935,8.295632224677258
-2.2517772906190467,-0.5318774939427574,-0.36571678564620924,-4.569668901033102,-0.9347502999666892,-3.957228032454792
-0.8267050469168946,-1.2490599706780527,1.3991363816960873,-1.5892704510286535,0.1440249902290358,7.26903471257417
-0.7824163339614458,0.4102120156795513,0.9543483290916974,-1.6043204719291306,1.3826103999528208,7.428013163089775
-2.320356012386145,-0.4657681648580778,0.49527294606859795,-4.675674629680492,0.06531456819615392,-2.2451082064683003
-0.9636384443688041,2.3746065500264315,0.14563031434388482,-1.9355594125218092,2.515542273044398,1.2445910786057193
-0.9151561158459262,-1.737714595137132,0.3932297769848273,-1.8834145446341801,-1.2905286291860942,2.1852360940646527
-0.20110465451883033,0.20363317870980122,-0.861982355313375,-0.4635477457652425,-0.6579497111581766,-0.6982233263357576
1.1129658916602636,-1.127953023505669,0.8572103535566122,2.223408079681456,-0.23110031402317271,12.251526891315226
-0.24506065119070236,-0.4934013403826786,-1.112044254359201,-0.5346977751150065,-1.6299382051713374,1.2009223865816503
-1.0308137202711538,0.14141947334054417,0.8353769939022309,-2.0986783695312523,0.886167048914343,4.199614469077925
-0.056954541213528984,-2.325371374874287,1.186142502118831,-0.15296863373440828,-1.1258109233545297,8.951294722270376
1.0491736214413494,0.23682611678802748,0.2108646020880872,2.124465253574422,0.4839569220334459,9.025377560917896
-0.9759588161149049,1.9029074622741677,-0.17621305896197587,-1.9635239167545777,1.7554617699025703,0.7580236381045748
-0.9105748839214486,-0.45343829836859284,0.4003099083096733,-1.83007836623759,-0.03201905698704756,3.8093532155398324
0.5585489592742234,0.2598078568055095,-2.861518370100673,1.146945213413891,-2.6191398615929127,-2.370334250948253
-0.22153611573080054,1.0249216931253993,0.30225821848546125,-0.4501742118732481,1.2868425990385808,5.254268856058888
0.6474846907094743,-0.16395350002699655,-0.11335399783980703,1.28105669299609,-0.24972108441461455,6.444458599810316
-0.013646791795296761,-0.5809601885314832,-0.05062811305699102,-0.0037710658120849797,-0.6102659307785605,5.689802251740439
0.701663648089567,-2.2757364037217522,0.7065325128978275,1.4367371883570157,-1.597248845366116,7.1082286057610435
-1.0350781140406409,0.6409907193949733,-0.07476892156472781,-2.077509903056712,0.6216930072898483,1.0881076086575243
-0.01208465078826744,-0.11316840972889723,-1.140206856651158,-0.0201389127955088,-1.2975185421074353,3.444988022448229
-0.21069001436315682,-1.0126838513881617,-0.14140267082537805,-0.46046954021298003,-1.183262691153092,2.0760601137042647
-1.2158909241041307,0.12659671027769356,0.06755548408082447,-2.474816000366488,0.27597345497560133,0.27363648832005
-1.5634779478686884,-0.5836803568061814,0.11493391158101274,-3.0884985206390363,-0.425317348338473,-0.7534672097433738
0.6857490352746618,-0.5284261311155256,0.16191936728506806,1.3937451736765547,-0.3844072291250087,7.822453733514322
-0.3509523822179781,0.6062911561087082,1.0393690449185533,-0.6791398425151274,1.660029236509439,8.310476902826773
-1.0222802816473295,-1.3383824113238445,-1.0860345530341475,-2.030517845858383,-2.4166773521318,-2.395290464683011
-0.09617893692333225,1.0473152860737585,0.17570045616484992,-0.19004771005591684,1.0857350489897395,5.109129916828601
1.1280188573493026,-1.3976861631184037,1.289929698618241,2.2908583092397437,-0.15308016197383184,14.750864838053564
-2.280737845371923,-0.6627014083552638,-1.7346114969371953,-4.514720252692706,-2.399855236147923,-10.159047854381491
-1.4966386899033264,1.9229461940665773,0.17964668078005355,-2.9477159795471204,2.0847623010186656,2.809192664414231
-0.9228864418952676,1.1273547616424222,-0.5853785019730434,-1.8508117795878345,0.5543313879108999,-0.5668327822455884
1.461178866720329,0.09760399249544019,-0.37071038447310495,2.9917073699361,-0.21663227633026874,9.890134269257667
0.2825869829192965,-0.9405302155012165,-0.904807503214422,0.5765969999252091,-1.8614145079483349,1.226611559431349
0.7673172404612268,-0.5292723066998932,-0.16955071570044408,1.5662532905507436,-0.7517057622064806,6.842435054791788
-1.1401609191262305,0.0732753145856964,1.8412556144269043,-2.266217443710717,1.930773511938153,8.07066601891103
-1.1195358752705262,0.03752323233959842,-1.2644303611772136,-2.226721415166844,-1.2432382955160053,-5.2655937812319
0.4478137167227104,-0.09087092962596285,-1.1696100024788274,0.8588398339329049,-1.2682841071458855,0.5060625340745424
0.05827433093544655,-0.03083251408418433,-1.3019345701635046,0.1516162037881344,-1.3473557702053427,0.6969981984004079
0.5487388188641266,-0.2143751097051141,1.727418286628101,1.239742357473635,1.625135066923536,14.906979926003626
-0.18767099092845213,-1.4419787356400129,-0.46233970552128695,-0.3940817355964084,-2.0163536542111973,2.440067992688266
0.278143726454627,-0.5165107421608328,-0.025639060347674214,0.5598371886805014,-0.5615664976651393,5.649655069547664
0.15811908490510918,0.9146240539868465,-0.4027829411062397,0.2939279065928552,0.5116566615981872,2.3527240738340964
0.7777673890849254,-1.3683342975511175,-0.9444228784030915,1.531133783091754,-2.351814300568348,5.167528857863748
0.8070082819444706,-0.18955551153927852,-0.2351506466144354,1.691239037794875,-0.3797148665472998,8.194874793676199
-1.6198719943917699,-0.819753928770844,2.45824360573656,-3.273392539669913,1.679152560901698,5.407133635838557
-2.2472685553408556,0.11135042939811132,1.392070920974255,-4.5182411343500295,1.5010336194479392,2.0010789770606765
1.0017453976515072,-0.38863318106681816,-0.8529378177922723,1.9241161541164493,-1.2551046866262752,6.720640058097533
1.1877250932619365,1.477393664974669,0.6475741030616857,2.3375696002967605,2.1193699263247723,13.119589699774272
-1.0206230195133374,0.5065831541902538,-0.8315227726663764,-2.126666033674342,-0.33017895115851315,-1.4624853532409403
-1.8598354065456286,-1.3118031657772113,-1.7763676388462208,-3.688080578130661,-3.0920894560297203,-7.994987838665246
0.09903482100720092,0.6712280116136986,1.0195109176646295,0.3380545031062673,1.6813389742024882,9.536340914951
0.9308382263505294,-0.774651856262063,1.1600928466435507,1.8433425130185326,0.3980634561111073,13.668228151773716
1.7975945224343146,-0.5769963713775336,1.0460522510478993,3.5118511482191175,0.506716482911759,14.066455457439018
0.516297572101451,0.3138190201071218,-0.46986524921957273,1.0775951274243887,-0.21755923649237977,3.819076459366671
-0.37171669658569495,-0.49174741973013475,-0.16677573400198623,-0.7797796411178978,-0.7110563486937784,2.0701707305639285
-0.8931306215848627,0.8928558163229553,0.7497655536581233,-1.7212938966420483,1.5551954685069023,3.7794686501069137
0.011451291670654416,-0.7745100615133954,0.3914960373481072,0.008801130951811597,-0.3396941541474083,6.8837672345501835
-0.2992647038852564,-0.6189465525913632,-0.3936374712970443,-0.6301201922246518,-1.0000678592288845,2.759128625240146
-1.0150679057288161,-0.6563708935481088,-1.6190718201181646,-2.0390336892449166,-2.250179337869635,-3.563839369173174
2.0487556508632867,-0.5656387483550389,0.11387519414201226,4.135400139773383,-0.5232384661312001,14.618075676717599
1.785168402072131,1.099191555547813,1.0790096392361133,3.5589657726064794,2.267448600927933,15.21763153384025
1.1360486835554284,0.6287962936103031,-1.1975882890341571,2.2472611319711717,-0.5992345408311219,5.517908624268256
-0.9208503978091276,1.709943954012071,0.638759381675977,-1.8516423757671987,2.3571136260436107,2.7162744875442244
0.8550193242972788,2.2676442038992546,0.33154169513369264,1.6464458893695133,2.641905132066866,9.44586827825879
0.6396264094979018,-1.0307170319323398,0.7501482632323336,1.2991043991105027,-0.3299177564898097,10.417043742831012
0.44254562420405297,0.07041912732728889,0.8719754997190072,0.7957549187158605,0.9150784091206629,6.314084068663657
1.2496652670437771,-1.176200316643433,-0.694465241925353,2.4771244613692787,-1.8617069698387423,9.986090902177008
0.6353711428612774,-0.7776059277482671,-1.616959400164946,1.308711546164092,-2.2516916741399777,2.7532672860325125
0.7400142363043355,-0.6300825102556694,-0.5335195256828793,1.495180886755307,-1.1485457987959473,5.534724011272379
0.6369062833722101,-1.0571548741382744,0.8891273175270074,1.3033285953937397,-0.08770949907973108,12.762334629451326
0.3407914080021059,-1.0518872728984137,-0.542003903525971,0.6783305323682713,-1.5336075191647869,4.237661971882556
-1.7836111297141835,-0.14428437852025486,-0.6940433238576419,-3.508734950379091,-0.8199272005531708,-4.365032108356333
0.08362107741055723,-1.216718418386407,-1.8213503419246384,0.21347711465960406,-3.087528548892579,-1.6031597947354557
-0.5561919588491252,0.8421269591376328,1.752647554550939,-1.0900768674858667,2.647762194229484,10.67861932916314
-1.2798409576400205,-0.9177535374175142,0.8257136414253099,-2.5133046264143637,-0.16694541307460664,2.5390268183906564
1.681816619300824,2.809568970096392,0.7698959812747644,3.401154416321827,3.6595087075550112,14.750234613632278
1.7289953408857035,-0.45138445096439517,0.9677253867794737,3.4360175061040623,0.5263412012259914,16.51581631328457
1.359220600295612,0.07201764191705222,0.5767083615434017,2.651246255006657,0.516214826095545,12.74188129652333
0.2552134168558746,-1.2953411844660352,-0.24432885517952907,0.5314449400038804,-1.5566953443971563,5.0878130528039565
1.3506251209526567,1.7060917581276394,-0.16376410412220166,2.728554703446885,1.5750250450515846,11.018764104603463
0.012053180601825543,1.1195006808029162,-0.4275643645921248,0.07862996076057936,0.680085122558803,6.093780088237304
0.20279727689777938,0.29691587073611253,2.634740754415,0.3587784900432941,2.967406915700791,15.398284746066263
-1.093471370461983,-1.3468025487795656,0.5559120312994426,-2.232264293887824,-0.8333917258657378,2.5809035223195247
0.39699130449884,0.21066687772462028,-0.46380044135143456,0.8169776223130686,-0.31843268226619464,5.016190026263355
0.0603859284244171,-1.121431046017255,0.4654967741662798,0.11721350740617986,-0.6595065420033553,8.172288209085078
-1.3026521168344645,1.4623552634733608,-1.0108689178563175,-2.6995923141974854,0.453064628981539,-4.391834888403179
-0.051197111816596905,0.8091947318531727,1.504506718589227,-0.08363881544548427,2.2962822328892836,9.757206777071868
-0.07972956385680847,0.09543903848773612,-0.6610690958071401,-0.2520802734630647,-0.5042654999872943,0.9063155019106302
1.79756116664464,-2.4363756632473224,0.5010854326224657,3.5478595056956115,-1.9778005993818095,12.651523666806476
0.8942133285134095,-0.9834159786590306,1.0659776297431345,1.8560107256698244,0.09821993145072132,11.855083610511375
0.011445439091466015,0.6877611315998724,0.3847685442049928,0.1141348290732878,1.0759281743630464,6.388953639584457
0.248787309801083,1.2128836917231558,0.09446999181963821,0.43679180117856786,1.2295178859359897,7.908814531917778
0.044212378104198057,1.1091698114921316,0.010802084856015158,0.0719551793377614,1.0540203871647211,5.610511807535901
-0.20291398479554773,-1.5920130022414554,-0.056441096887107134,-0.40369684343716017,-1.647858548316131,3.080978376224971
-1.0824271973882869,0.30155230681290407,-0.5766984889275022,-2.0757930483974953,-0.1760861821802499,-1.8334833131052846
-0.15105187760692926,1.0155152164829295,-0.44948342976970423,-0.3267472026050786,0.5949952773081658,4.2429544261032435
-0.7460982566525134,-1.6583355655822452,1.479590373650935,-1.5160407144566908,-0.26502693318854176,8.136298046707116
-1.2503155389231464,-0.007904515373236347,-0.10853663268515668,-2.4231947999231496,-0.2719655513143599,-0.6253211274167927
0.5112218145475347,0.27384239830845625,-0.7857962693827731,1.0037041714591564,-0.4753011914240979,3.9160094802940817
0.39126465993323495,-0.3007645848467349,-0.5162975968615086,0.8186394053147927,-0.8218728558546534,5.891383580853644
-1.786707511368078,-1.8521618554012016,1.100370680697223,-3.6472721709917773,-0.69472787622846,0.7883382330665097
-0.12268463749512722,-0.3256981100737287,0.6756066331644784,-0.25393091219487074,0.3058726270551777,7.173562453479237
0.9957013858999235,-0.327305430255024,0.5603291782322569,1.908422929883527,0.2505343728701592,13.210147987133617
1.0592237388963208,-0.1480724045477542,-0.25752119890979147,2.0656757887448562,-0.36328493030615255,8.599157943431365
1.0258368428852387,-0.5634714254250696,0.5733624701729451,2.0936337535280907,-0.012482137162448594,10.310740207942818
0.0389132069014598,-0.4430121532414673,-0.643561124950648,0.07533114424858398,-1.1078775567036687,3.2697014011498347
-0.8450453279691511,-0.0397062823469779,-0.25961403134577454,-1.706045942965951,-0.29805717213783295,0.23570949899385163
-1.0836988273580606,0.4424546049697111,0.9698044873917454,-2.2048351359151668,1.4393929096894729,2.7009534467419614
0.3446049047503575,-0.3044267628566672,0.8742776789190644,0.6781770058386508,0.5691342158368017,10.132477719808039
0.379280034365163,-0.4096489283680019,-0.9819098459508032,0.7736157270853606,-1.3428589574308307,4.303197540136029
1.2873311116050654,0.09235403825445808,-0.8555264529085758,2.623808033533219,-0.7862691741174692,6.8224545754025145
1.0999796503420836,-1.9209159258951816,0.10870215281340967,2.068701966479327,-1.8786335333549273,9.204672274470264
-0.1322286565311721,0.4770351272264581,1.7261323746695099,-0.3060453717754847,2.302016270301627,9.727886801551513
-1.2442058788608694,-0.0005630971229588082,-1.9155651644689942,-2.4804569456122887,-1.9463599484190754,-6.887723159152044
-0.31910659701089783,0.039693526597561826,0.27833293957050426,-0.64315634981991,0.2896043619821787,4.07605473125915
0.21723119481052466,0.960734307594464,-1.3760433315731482,0.4546312017473856,-0.4185991900322934,0.04524450598877405
-0.2020832453894041,-1.9528155300482481,-0.6343309935255456,-0.39078947647248047,-2.583787468091095,3.8770839896211413
-0.5778941080776558,-1.9738338698589637,-0.3644284180642414,-1.171031609304982,-2.357596470047619,1.8331268603903759
0.2528848149698989,0.27380384532351953,-0.4205083434368909,0.47942697014043895,-0.14757619296082183,5.09724044628525
-0.5039577414106104,-0.007116855128515773,-0.5337959396592085,-1.020190557307996,-0.5429009063591329,1.9891690540965512
-0.628066083725374,0.17017694319193222,0.007207060376370152,-1.1986950499596107,0.18612496991934271,3.3301970846232543
0.31145283430343956,-0.46212707517244556,-0.5352555666305784,0.5863052719615934,-1.1152570147523897,3.7052579569886444
-0.4019925801292048,0.6643536742399312,-1.4624573848541527,-0.8071254964156074,-0.7040598952638291,-1.2675010819127002
0.24410438897835213,0.93263884299112,0.7798696125227764,0.4973758886566253,1.7051440398371687,8.42678543947897
0.2732040228521227,0.48398229395152703,0.7528721671488805,0.6244255921979683,1.2658855920727567,9.263403336397792
-1.1394290010915746,-0.26082845840458313,0.843174310022669,-2.293873415094965,0.5134407845413846,3.589767126061897
-0.4812411238654122,-2.107689387614403,-1.5407344962640819,-0.9145419149302763,-3.6719738969409472,-2.723325352974787
1.4377769399164624,0.7692362080371281,0.29891815258415083,2.937152849996176,1.034538567305258,10.431590469238163
-1.1620795127342871,1.2217286662175928,0.6759788558069234,-2.3273467387181066,1.9711937102499433,3.0092235211786793
-2.116654448970531,0.64455841198398,-1.031202068439585,-4.2438448468949,-0.4159343367973992,-7.343943858388478
-1.8618451532425115,-0.8796424273675065,0.009173248182129144,-3.740142990087434,-0.8325651798383727,-4.238064835148549
0.029109946576669203,0.6737943936677578,-0.11626664531036575,0.04542873644120929,0.5250067257237323,5.145730672985731
0.03091727803269891,0.8605297079614455,1.8421506585682637,0.10454654909423947,2.680049419547012,12.51263263191152
-0.11761085542512094,1.5588162477990857,1.924496037012573,-0.22367121198746617,3.4710347765516243,13.77486941596379
1.2141898289285016,-0.8761099242279576,-1.6643563933302008,2.4401441433154964,-2.476274061216693,3.7745811911498195
-2.672834433102938,-0.22645458454413847,2.4939270057279894,-5.401930041724867,2.172979788232345,2.281579037424636
0.3959338744308236,0.7472720511434552,-0.9152257211533239,0.7434932449928855,-0.23373684777359036,2.115270835785595
1.5614382018035733,0.05741007143815779,0.9806732943274258,3.2300487448459956,0.9407181074810926,14.745606897897732
-1.127780764891714,-1.1173276020512748,0.9704979808637308,-2.2644528160478625,-0.20120472717561647,3.9747421989061946
-0.3798065117898951,0.414616285026703,-0.9956902268418067,-0.7983516233587082,-0.6216539443747091,-0.9159674809013226
-0.7528919172286209,0.5786616338151667,0.493267793839099,-1.434228876177777,0.9912053649497462,3.4142690812492162
-0.8943460460775288,0.08796289633100199,-0.10753374426606396,-1.77460166472088,-0.05627823526579542,-0.9987875170750737
-0.32626200502304,0.21958492717994416,0.5543300046323907,-0.6236162642028539,0.6731792077656641,6.3744661687827255
1.4274852836845047,-0.25870590168573016,0.2306723023806257,2.8480682136049325,-0.07893303549348853,10.641364884139236
1.8373866754875203,1.4782789357160593,1.196339485370247,3.6588396964462007,2.734639441081816,16.614153762059566
-0.3359392250401477,-0.9006921837126766,0.07539954314606226,-0.68035776870516,-0.8051132370525592,2.529567227268526
1.9050602140644701,-0.5873207627637789,-0.16787406942631122,3.740983519614009,-0.7458214485814637,11.434506326764005
0.035576476984624864,0.010985513527525621,1.0960642330571804,0.06675658349825485,1.0569108187707503,8.596463529257695
1.753691026701081,0.8789540277008926,0.5803959648586033,3.522183707254293,1.3825457446072598,13.8886514678702
-0.09329864965349177,-1.4973731700945367,0.7318133943208879,-0.09407413761479584,-0.8225175795503629,7.600230770324318
0.1310578260461443,-1.3102967497654392,-0.6645866722585968,0.2664156053425494,-1.9770439133688367,4.6350820287012375
0.36547447264283456,-2.037728507734718,-1.045262781398474,0.6142400931751538,-3.0395824501468582,3.564652350363445
3.1788536793675353,0.03269522525327079,-0.5677221432527015,6.35300808709584,-0.4899085471426647,16.778438865125846
0.8512855748447891,-1.1183058172065439,-0.6208213856805886,1.8395463563449934,-1.707596584762966,7.809920399016275
-0.7072645299514636,-0.3845501100179167,0.7861992686529143,-1.3712107481536753,0.3647713154316004,5.440250671469875
0.9689978702758579,0.661378189891708,0.9759840502940518,1.8974512933612864,1.638589731805959,12.237411221158801
-0.3618325370843415,-0.6415427207828466,-0.15513028953240038,-0.6941097484471551,-0.8127401368171092,4.001469154411328
-0.48975018290120914,0.23128202274336457,1.4309190188243524,-1.0166010370469052,1.6521415533929793,9.083555808270335
0.9086013598921112,-0.29933790775172203,1.3684693937651298,1.7495123438068796,1.1709878808613985,14.242481757419744
0.031085587771152785,0.6721143150964368,0.24339891640053923,0.044752707380601955,0.8274132196467954,4.336701703669183
0.2785759145118061,0.4751280673480088,-0.82189177154304,0.5617281509855552,-0.35849754499114433,2.375042783940682
0.013985221865292462,-0.69193369617461,1.5753766494355401,-0.06563733139108487,0.944030398620738,10.369276059613858
0.3365831266054347,-0.16865175340045263,-0.06101735102840823,0.6157082886839377,-0.3029636791805378,6.737074666791389
0.4249658974361492,1.0437433977204944,0.1261651964309746,0.8504485730314162,1.1377212228881566,7.055979004735382
-1.9369669327054153,0.393376870254097,-0.33960502560656863,-3.8943425242102783,0.027319919769146397,-2.8627248661505766
0.6665726686095336,-1.3969620577511315,-0.8897903262971976,1.3528859007763716,-2.2979168701510284,5.8548024707154775
-0.9820194198303006,0.6556180611713827,-1.4686394303152919,-2.0247722560260293,-0.8928192271242201,-3.059107640890854
-1.4422991355594112,-1.0846106224362382,0.6328683235572881,-2.8488925836911574,-0.42197799586204815,2.7287646044407863
-0.05841124385868244,1.412513069961006,-0.7834010538966204,-0.17601044257037463,0.6624263801900429,1.02449218209319
0.08398100331445427,1.024098839841025,3.0595312289968235,0.25009872172579006,4.109048835088746,16.61882470425271
-0.6935061645722808,0.2898854759184008,-1.086073582612479,-1.4728002433634773,-0.8397067904086322,-2.3127425629267817
0.8310318576679744,0.1572328434361934,-1.25738247498137,1.6074360018167781,-1.095824092005812,2.255559659197048
-1.342175166370907,-0.20903225602742,0.5101387156134412,-2.6634817925902223,0.25613444760756676,1.0498039532264678
-0.40694374877255896,0.6785239514000281,1.5293134789672953,-0.730675834970236,2.191207597328748,10.057905312132839
-0.5848741349330007,-0.37077816946206166,0.06458965694322165,-1.1539961180601928,-0.1985151161602961,3.570532138307729
-0.04658727033933937,0.23556987063989387,0.5722424201872743,-0.06503164466955919,0.812597059706981,8.85794974666818
0.2788642846472388,0.8719343665194511,-1.8435474174587096,0.5586054143781305,-1.0309893797386172,-0.2780429123053083
-1.0078929496235447,-0.5618065435255897,-0.6775115456917667,-2.067105821952849,-1.2303013221841608,1.0373141178910563
0.7242826774562282,-0.6161927399906946,-1.073615729137567,1.4240584375004874,-1.757398265431427,4.169563832048164
0.06300236833469973,-1.194365480724459,-1.895045849947881,0.06540925067033562,-3.149361850298091,-1.5083694875760825
-1.8919462533119105,-1.0644727461261723,0.11698023402388695,-3.8478280050126643,-0.9995486688997249,-3.5738243448748337
-1.958591440397031,-1.8283953114415024,-2.2428276216104335,-3.8970954348280746,-4.09343840566172,-9.608086919168448
-0.012319292929311235,0.7298287890155296,-1.3221959660874487,-0.08079748496302055,-0.545518727292459,-0.11347073195707291
-0.2209673177863541,1.8089145420827708,-0.537193794013418,-0.4259569352365401,1.3006406579701948,1.6547334803686615
-0.1034201135746335,1.4253289434703056,-0.8312858359510763,-0.27193136476032187,0.6201928739315957,2.9778036476544765
-0.02798245653021798,-1.6260844886265164,0.3964085022070677,-0.041145762054598224,-1.2846222146989759,7.331239719343687
0.22555983951018072,0.7248546715562,0.30558019190248,0.4266855505722133,1.0033691456868976,8.037472897142443
0.9476496098482997,1.4221063499235564,0.8937987459354568,1.9656299963791317,2.3295051512031724,11.6190684151419
-1.1111049009175582,-0.456809980738664,0.7523837327126781,-2.206023857056163,0.26415775270459346,3.083208569369525
-1.1719715929007948,0.10144743065004946,1.1408127893613809,-2.2821540411518826,1.2283418979963754,4.248161921760546
-1.0933238578873825,-2.0078930508046704,-0.0019184000090541567,-2.2244300515960247,-1.9877435161872272,1.4277530504335432
0.2889166671687069,0.2667361679766415,0.3034669008166697,0.5806405013496222,0.5527644347332462,8.737891805413376
1.2449473786464456,-1.0635597294347174,0.5115137019191913,2.4408403993870773,-0.5407430480604248,12.136312806458655
-0.4313394382395105,0.19963501791151453,0.1416566973910257,-0.8833591386162418,0.42092813810351865,5.894264487801253
-2.5016998441596545,-1.5612029221888803,-0.3971943099170739,-5.016504899456541,-1.966990172055304,-5.523523528782631
-1.7039928626103755,0.5428582244775959,-0.3324425343397702,-3.444278636255108,0.269382580623786,-3.1145323892903747
-0.8330367227960116,1.0245126754266898,-0.8175583983299655,-1.726848588534308,0.23492278046209222,-0.33934044395035756
-0.5577288874952148,-0.7831798617151676,0.4216168299098296,-1.186133641173062,-0.4349251314796763,5.768621500972325
-0.4083886272547264,-1.1369225814104345,-0.09401517408515554,-0.9337646602948226,-1.2860446069587663,4.866973959205347
0.038581122980917065,-2.156023042549981,-0.6631737506367649,0.024344922786661234,-2.8608765873402406,3.910339459399496
-0.3117463308224471,-0.26641353407517704,-0.6622448193245927,-0.592117966811302,-0.9714000992464088,1.3910361184556543
1.0493396105434072,-0.5815939342816051,-1.2103987277827886,2.01875429448615,-1.7965071493697342,4.695278202966935
-0.6760173056813688,-1.5510194123480547,0.9788413412371997,-1.4204407536754027,-0.5414458687067639,6.325206308817965
-0.862317959475543,0.45301875631217164,0.07861766953178756,-1.6350909903894402,0.5943943466791953,3.670152806681426
0.4788755385204616,-0.44997038186464916,-0.8628000195732701,0.9259262745485105,-1.2973616470016651,4.344376315416155
-1.5356420699261193,-1.0757359586452324,0.8085477496020183,-3.055231839393997,-0.28947218684587467,2.105338910395197
0.3896917053200022,-0.5545724056404471,-0.560448809794373,0.8114992679650291,-1.2191332776163137,4.456427645616321
0.10255318372626686,1.0713045389296156,-1.4065006270122327,0.23823267394159772,-0.3316666093117501,0.18319158851730583
-0.1474424899181674,0.6029369437552222,1.021222289219133,-0.3710006913667378,1.6254477426591045,7.786892709554675
1.5882761071492624,-0.13002606149848983,-0.5370969895661131,3.1649992303035503,-0.657976613387655,9.621207333717592
-0.6222074452947179,0.6191050184648526,-0.4088990902087895,-1.3253262540653554,0.3155179431412297,2.968291747362561
2.0602981705240784,-1.160911956386739,0.04118002034917748,4.242912233993673,-1.057702108727908,13.330826575879698
-0.2254314492280993,0.03237010072703053,1.1425892227901149,-0.5306066616569786,1.2142123694296447,8.188582768988994
-1.2770164449702281,0.14732233048647056,0.020037290866311695,-2.6064249008839475,0.11925576484920228,-1.0257166407342355
0.0699195809948253,-0.4698365084987269,-1.1991171261452302,0.08780911924757537,-1.6946033721037943,1.7220849526534383
-1.0762452003187681,0.43545833595741784,0.5438770041121802,-2.2273234244736804,0.974593109723173,3.918366919224918
-0.7517558478135002,-0.7804334546444512,-0.48498972426172404,-1.4358820001391732,-1.3041935351066931,1.876284555129599
0.39703330001549114,0.5098207077761179,1.8879239715294662,0.915188995085157,2.42276790555484,13.509839275136406
0.5555820886501248,0.5518587715312919,-0.0011197219978901704,1.0873767213346188,0.568584491994187,7.816560767825874
-0.6221677002542582,-2.917159880697066,-2.235035497898666,-1.3103565578507368,-5.206610768248467,-5.6066867238089815
0.9874051450464006,1.1903057035101177,0.357364972155674,1.8629640151565003,1.6075115111205978,10.792175195866445
1.157507758021134,-3.047632565352754,1.9445977922602284,2.3028100801161626,-1.0979192564020825,16.754216772912383
1.436301756563291,-0.6160490255561253,1.5759202885453896,2.8567852419685096,0.8734177056521517,16.138376173160253
0.5294134071257222,1.025348034257755,1.8309542887565653,1.026262007933437,2.853735180097072,13.642330642434496
1.3634287120856987,-0.31728672525244067,-1.0197601853814635,2.737926186870209,-1.322986587837759,7.370131509843017
-1.8807984279740577,-1.466185982469542,0.9121523959767788,-3.7418381988073413,-0.5053939684209762,0.4823458038908914
-0.31790654862846257,-1.0937370617166706,-0.7219945397367117,-0.6196589343600301,-1.832605421609713,0.9332255654654117
-0.8670052563234263,1.0269057463206197,0.2242893994169245,-1.7498167562452769,1.2925920591099047,4.099244591282593
0.11922586112739209,-1.9215045305486382,-1.2729524287397325,0.18337063077607108,-3.18509985994986,3.723290365704553
-0.5714492191967373,1.1289911009620173,-0.6444557648827163,-1.109606783503139,0.41878260562742203,-0.8606186358690906
-0.16615784194973238,-0.05510209904228934,-0.6762466973636153,-0.3316899959283882,-0.8021071350800304,0.5678301536896448
1.8821748802040494,-1.1923953304424335,0.8985552801426162,3.8087676366498315,-0.23771205679234986,14.850955098643006
-0.1697197964203783,-0.5831150723026911,0.8007191216696554,-0.29993581536714503,0.2774032582860528,7.159699631698708
0.4137923171902139,-1.0172243411016413,0.2768197293308208,0.756496530928072,-0.7242591502505844,8.51656570377028
-0.2322693299242352,0.8662252008585286,-1.3504214180553855,-0.5362497702213506,-0.40941088113785545,0.04941577608904413
0.07571328795683367,0.7324278097628383,-0.31163943394972,0.11364953997664093,0.4736188682651986,4.4709187367194305
0.006016680436071459,-1.7191611338760466,-0.746116482942726,-0.04077990954239048,-2.4310961803447864,2.9835508161433495
0.4483240659731595,-0.4035921185193341,0.869675756694491,0.934410720745124,0.4205180637384734,9.072825401221023
1.165307535547177,-0.8631856623442771,1.1781848528171845,2.3481805548937498,0.40157062802452465,13.722679972299169
1.6473939976033294,1.2935099684593703,1.056385586030883,3.349747194895924,2.376710626100667,15.347940736211072
0.30962008190916684,-1.350099118126421,-0.7552194194170205,0.6390645046888797,-2.1246104762740226,1.982324313779354
0.5895468860356021,1.604229104685014,-2.739533122289479,1.1895262511648728,-1.1687175178697302,-3.453099349577061
-1.150864509185567,-0.033294739516937566,-1.7669618981300543,-2.2417425293539255,-1.787417448571299,-6.853719118815126
-0.08787674241562057,-1.1619344063800876,1.4216269780822084,-0.1522671178444887,0.17613961746019804,10.232932952318553
0.940289464883589,-0.6772741840092779,-0.4012549393198239,1.883983977939064,-1.0435454595614586,7.673790372108618
0.8659686384171532,-0.8016188407684506,-0.7507246182651125,1.8059599285308408,-1.6000219997682645,6.3890538341935255
0.21160973279505021,-1.274618402015506,1.642660293436234,0.42897850974773993,0.3865722968619423,9.796035301365805
0.8863939595679524,0.09482685973037566,1.2651599454883269,1.7575708888900088,1.3339057883507945,11.430298412570586
0.49076670899381886,-1.2279155506918433,0.02444872191978665,0.9396422550487552,-1.2166877644082918,7.664465350209113
1.2003062582593216,-2.1803662087381888,-0.2934030910639739,2.4357637894709137,-2.511614793440416,5.937529221846956
0.2893591569571111,-0.3796764708481731,-0.13210121281312523,0.6405708410063456,-0.5198391552203383,6.934515061010293
-0.35569831557103465,-1.8028561964178826,0.22716279838746606,-0.7139260012137408,-1.4812244207295489,2.7366326581151026
0.33584125693302364,-0.7521608680675204,1.600047281319608,0.7370782950550392,0.9171393946045198,12.958079257575061
-2.9305943758527757,-0.9091028886033559,0.4224674242372267,-5.95968950330413,-0.4689115166163563,-6.146128623637516
0.38288573638504947,-0.8712160720258142,0.7260290330391413,0.7629988040297032,-0.14645175226492047,10.11763251542208
-3.6484128252147836,2.0009631015901537,1.1692701090701714,-7.298830396034789,3.2124432701949694,-2.20962725893036
-1.723463407405418,0.05641156716957076,-1.169676001024419,-3.4832765334312032,-1.0567659141494703,-8.16607508322769
0.45176860094098414,0.24537100899533215,0.7548618924740429,1.0227302537810619,0.9587419823589987,10.12108286301253
0.47752933726679525,-1.7763982963422946,-0.29456875466161137,0.9517490428991524,-2.074838994385516,4.061565291577362
-1.1624287801399305,-0.6539631336369219,-2.516095195772766,-2.3452440988600824,-3.261156240888092,-8.221668475793818
-0.7121020418789388,0.21530262994151197,-2.128169541985812,-1.4229059780862023,-1.8567118065312553,-5.3908144641560645
1.370540988614132,-1.0245289129130064,-1.0181176115186856,2.6409412903019724,-1.9393953115466496,7.204966718909911
-0.48403013157267616,0.9080628435179854,0.5312232285925814,-1.0060536594125982,1.4432902033417212,4.000486061783779
2.242920312402985,-1.2026965859010301,0.11379956534029644,4.53500262327824,-1.1951475268058847,14.96260082454531
-0.001919853176346149,-0.2863661358651756,0.184366707175664,-0.035286974099331035,-0.07155490286066006,4.234411642223442
0.4080361768812668,-0.5860516399755586,1.950943482686692,0.7746285956225201,1.3196873844036794,14.590953364142313
1.6168743984986076,0.16432065938191598,-1.2690896148598123,3.299225078822935,-1.1379364275611192,6.582836832121319
0.13102711619341956,-0.640490071855426,-0.027433354183723595,0.32906695243443057,-0.6365946065495993,4.121565046730452
-1.0023439806908012,-0.27089362707093734,0.3044355228138156,-1.9788384377735453,0.04626960201851447,3.6894654047811493
-0.10972745169429012,-0.23613009177798555,-0.7362731165383355,-0.2422107700905136,-0.9968086470832511,1.856602821644685
-0.03561073619009093,-0.734387757391301,0.028326745082940964,-0.08319502563599804,-0.7385412939384433,6.793389293583881
-1.3647416522015654,0.48509386849711267,-1.599949334084345,-2.769690802481879,-1.1085636628261906,-4.844953292305416
-0.25583207134082336,0.23838837483742528,1.4099062172750279,-0.561402798633079,1.6278213144868348,8.047381887085916
-0.7421920939974367,-0.0886139452531673,-0.6816145525304338,-1.536605012410295,-0.8256903544637515,-0.5764432363510259
0.9243577571874341,-0.4304583334619581,2.031400164778503,1.8178127940356077,1.584313672242627,15.879661866820605
0.03461187418525562,0.796544030519997,-0.03247432391745505,0.017487698836273984,0.7810493377653012,6.559181800574769
-0.28279574914757005,-0.23583424381418136,1.0280535653991831,-0.6437767542222975,0.7833141482440201,7.847619221028434
-0.10618193062257626,-0.3066972878259372,-0.05330286899115438,-0.20139372775745723,-0.43067558672950085,4.429139064056143
0.22312201840616613,0.10469002988812601,-0.03074383226052982,0.45797381585700414,0.12339942869637316,5.689776425274392
0.6168141996897798,1.6965866829708507,-0.5840293332220078,1.3186680373009754,0.9756167779016763,5.141235771893828
-0.9997122286693814,-1.340356208021204,0.11912392936627762,-2.032841375756498,-1.2435505364063482,2.6613319490710596
-1.0415876326212719,0.7698568930553547,0.31799869441404743,-2.06837023576138,1.0568456647417062,1.8957329200467425
1.10467921540253,-1.893171161238105,-0.7842585089151799,2.2249940597688003,-2.670020726259714,6.301450511377827
-0.4123368722047306,0.21727315822862395,-0.1250444158598842,-0.8373656224657379,0.12031183275887651,2.3983101318099314
-1.416842092596874,1.5750828276087308,-0.6100988660571137,-2.7964675057562642,1.0213222019646688,-3.225194734878711
0.44381270938310463,0.48866852446730713,2.2996640696148387,0.926386878108745,2.7527123504145377,13.37011932747764
0.4633698060326869,0.1706250785397928,-0.08973076991161853,0.9431101668252508,0.11022342549484837,5.85588973222689
-1.5307152572567064,-0.5604494688030756,1.5452321516965593,-3.0742124997658027,0.9945736022875568,5.797062623723406
0.2294817154636063,0.03104720048855424,-0.19562233080768832,0.44108692549948586,-0.2501520990782952,4.846557253227834
0.7355830924283736,-0.2520628154033563,0.25928764153490796,1.4027784899168942,0.10225183890325718,9.710110961715255
0.37438645170626306,-0.7859766079313554,-1.3213640716452693,0.7084770144816416,-2.1792794359386347,-0.7700104190236869
0.6319814837613953,-0.28987561547486984,-0.44707259186786463,1.2328625913277063,-0.7159733437272487,6.5578827116073635
-1.404269098090749,0.19838116062643954,0.21053467078924676,-2.86473678430297,0.4284138286255737,-0.03066104861070737
0.3310401549961956,-0.7672170685306403,1.5860038309598667,0.6840765083267745,0.8325686015456802,11.432295782853908
-0.30261975947044656,-0.8062818206846841,0.22198277767627117,-0.5454081254915426,-0.6090278871164934,4.727878649914809
-0.4827901587246448,-1.3602434375921744,1.3837203611929991,-1.010983439065747,0.06483955615784988,7.476059079770712
0.8705556094197265,0.3907250260888961,0.6407291102029202,1.7552832906266849,0.9534357625946616,8.451948692000077
1.47927451067423,0.5453232619670604,1.6274013394646858,2.9068434643719745,2.1694331619980503,17.502815014639623
1.794370054600359,0.23166044423651747,-0.059042217305055426,3.57349400065376,0.1444244931038391,12.14983949725321
1.314807871505905,0.9651704927286658,2.390222710651804,2.595099264052921,3.3215283062771186,18.226080484870934
-0.10973418163018368,0.08786763708072752,-0.485396202914123,-0.1893735808300453,-0.37609117646071816,1.9539133611679131
0.35272016302634307,0.3920109373657567,-0.766461834197669,0.6715009173605773,-0.32057696969592814,2.3491848662323096
0.7668228717842437,0.30383742563756283,-1.2100528496890341,1.5842287642538198,-0.9233782121433146,4.046965154452392
0.12117794929946196,-0.09154001941820787,2.3310246715580702,0.23006985991581397,2.2785187066361514,15.328664197527477
0.13076418791154437,-0.5308218281296473,0.8194475726178976,0.2290481903433472,0.2911127777604802,8.583023706354448
0.823753131876182,2.214152615791911,-0.33412073338030845,1.584841000635106,1.8353952719497022,5.622222502098393
